OBJECTID,FarmNum,PresAbs,PondNum,PondRoost_Dist,PondArea,PondLong,PondLat,PondRoost_Dist
40,27,1,90,27930.46755,38202.90807,464412.592253599,3580417.60415537,27930.46755
41,27,1,89,28072.36804,43533.01976,464316.803737153,3580535.99513693,28072.36804
42,27,0,108,27476.15283,63169.56422,464976.208661448,3580564.75797123,27476.15283
43,27,1,107,27673.73476,67644.83973,464782.362225745,3580549.99980485,27673.73476
44,27,1,88,28183.64321,40312.59819,464263.600422877,3580706.77853622,28183.64321
45,27,1,109,27152.98747,87165.32192,465264.737067270,3580671.06712839,27152.98747
46,27,0,106,27938.58661,60077.28668,464558.193748961,3580768.33642169,27938.58661
47,27,0,87,28322.88815,37745.9255,464172.307458814,3580887.43027492,28322.88815
48,27,1,110,27246.88016,38902.37369,465277.650861531,3580940.71553356,27246.88016
49,27,0,85,28647.98903,16907.03545,463899.393597385,3580990.77452757,28647.98903
50,27,1,105,28104.18071,41420.61712,464429.069674796,3581025.48127505,28104.18071
51,27,1,86,28463.38042,65524.16646,464050.407224049,3581102.30208489,28463.38042
52,27,0,112,27610.23345,61777.68255,464961.182496455,3581168.79356663,27610.23345
53,27,0,104,27992.09259,66465.62847,464593.965634198,3581206.14932106,27992.09259
54,27,0,111,27439.47206,41803.23967,465184.935938087,3581188.75582508,27439.47206
55,27,1,103,28293.27814,44325.48175,464287.126823527,3581242.77063962,28293.27814
56,27,0,101,28255.75848,25091.45986,464412.265339130,3581383.75154145,28255.75848
57,27,1,68,26699.1892,47029.4063,465990.776086508,3581381.06786789,26699.1892
58,27,1,84,28665.54861,59485.45412,463923.706045964,3581380.14114970,28665.54861
59,27,0,102,28013.50271,50015.41694,464672.319643050,3581467.08462090,28013.50271
60,27,0,64,27244.07079,26272.91613,465520.551564296,3581533.12472557,27244.07079
61,27,0,67,26612.33402,39919.03829,466165.755164588,3581525.56633002,26612.33402
62,27,0,66,26852.01816,27945.27749,465958.186366380,3581585.87398039,26852.01816
63,27,0,100,28499.92383,53147.67072,464159.745717062,3581505.98208013,28499.92383
64,27,0,63,27470.68989,13807.10024,465361.660644504,3581664.29648316,27470.68989
65,27,0,61,26871.23191,21816.33805,465952.884030071,3581708.56100319,26871.23191
66,27,0,65,27103.45436,48055.16165,465613.733702270,3581667.10239028,27103.45436
67,27,1,83,28868.95594,50440.85644,463811.417707496,3581645.12711736,28868.95594
68,27,0,116,28461.70267,49018.04748,464270.438251726,3581685.35691779,28461.70267
69,27,0,60,27113.40415,34543.41698,465701.477357526,3581787.03992905,27113.40415
70,27,0,99,28709.3227,37203.46644,464010.777479742,3581764.62480234,28709.3227
71,27,1,58,26697.99401,36431.15972,466179.813162548,3581777.87545276,26697.99401
72,27,0,57,26874.60993,36887.75194,465989.243796871,3581849.06817984,26874.60993
73,27,0,115,28420.47466,44047.49329,464400.231381061,3581850.74979030,28420.47466
74,27,0,59,27419.77095,30566.31798,465433.457115030,3581890.06154843,27419.77095
75,27,0,62,27576.21216,31090.92438,465234.065971831,3581883.56782856,27576.21216
76,27,0,56,27136.66994,40979.31881,465734.799969829,3581935.00151319,27136.66994
77,27,1,82,29073.69815,47408.40642,463690.888772086,3581954.29302491,29073.69815
78,27,0,114,28287.59873,52708.91486,464538.289504012,3582046.66003861,28287.59873
79,27,0,55,27417.05816,39077.54442,465485.926312036,3582031.62652864,27417.05816
80,27,1,80,29426.70402,27113.76648,463385.214671933,3582049.09436203,29426.70402
81,27,0,98,28903.06299,47734.86118,463906.596210222,3582055.94927124,28903.06299
82,27,0,113,28460.95898,33245.57153,464457.740392919,3582220.74908595,28460.95898
83,27,1,54,27685.94277,34661.10523,465209.678863391,3582178.36754867,27685.94277
84,27,0,79,29561.86593,23867.75605,463319.091123925,3582244.72766506,29561.86593
85,27,0,96,28784.97072,12895.17876,464198.549593581,3582286.99024977,28784.97072
86,27,0,81,29275.85744,50441.80687,463555.521003929,3582229.59857745,29275.85744
87,27,1,97,28881.49846,64278.5146,464037.812935692,3582270.51097088,28881.49846
88,27,0,93,29094.438,46935.73425,463778.646549027,3582333.62281459,29094.438
89,27,0,94,29103.56443,28619.2767,463881.653582682,3582496.41275854,29103.56443
90,27,0,53,28082.10724,76200.19703,464923.970519347,3582452.88480168,28082.10724
91,27,0,78,29497.71953,38624.09455,463430.284259644,3582472.99295348,29497.71953
92,27,0,92,29364.63381,42141.54145,463619.423216674,3582607.86571933,29364.63381
93,27,1,95,28866.40891,57146.9536,464137.829054541,3582603.12428005,28866.40891
94,27,0,51,28287.67214,46614.95182,464729.656021915,3582635.10792461,28287.67214
95,27,0,52,28083.33415,35397.33766,465007.462331140,3582686.82743956,28083.33415
96,27,1,126,25481.17674,74637.23585,467763.199111444,3582872.13029095,25481.17674
97,27,1,50,28527.18771,47712.7323,464572.988111741,3582884.96007308,28527.18771
98,27,0,127,26034.33792,39185.96112,467257.650412205,3582865.79613980,26034.33792
99,27,1,128,26279.78981,96774.24966,466898.966979784,3582911.31543817,26279.78981
100,27,1,91,29384.90271,51702.52741,463759.969595722,3582932.34774451,29384.90271
101,27,1,49,28394.63854,50422.85974,464846.242542184,3583128.61374137,28394.63854
102,27,0,125,25799.69506,79780.17536,467551.207755031,3583086.71097721,25799.69506
103,27,1,48,28112.87918,104951.4298,465160.389098576,3583183.37339076,28112.87918
104,27,0,47,28298.31776,22477.70027,465094.119057197,3583391.69529754,28298.31776
105,27,0,124,26077.09494,66247.06816,467412.402316418,3583334.18407348,26077.09494
106,27,1,29,28982.93314,22560.76242,464363.475045095,3583445.61062414,28982.93314
107,27,0,46,28131.469,25342.14828,465300.618071790,3583479.49039545,28131.469
108,27,1,120,27225.4398,20286.60349,466280.922622917,3583484.84128728,27225.4398
109,27,0,123,26272.92577,58867.04974,467133.112690082,3583435.76793002,26272.92577
112,27,0,30,28689.8573,41835.80189,464711.321627226,3583565.42215657,28689.8573
114,27,1,45,28138.8728,39900.35381,465309.800125833,3583641.00589094,28138.8728
115,27,1,121,26929.88052,92874.24644,466487.753234826,3583448.71436553,26929.88052
116,27,0,122,26868.28028,14248.98917,466760.118111786,3583653.57328555,26868.28028
119,27,1,117,27654.0093,32956.92932,465884.449341317,3583717.15648678,27654.0093
120,27,0,44,28165.24057,45521.83634,465292.534077985,3583788.33817891,28165.24057
121,27,0,118,27416.79958,38934.86333,466149.160809172,3583749.16539078,27416.79958
122,27,0,43,28144.73445,6578.525543,465495.187530767,3583863.70890804,28144.73445
123,27,1,28,28889.73674,65590.8601,464503.302470384,3583766.03675733,28889.73674
124,27,1,119,27064.58014,74786.12478,466467.626902656,3583787.04381518,27064.58014
127,27,0,25,29673.80608,48079.84,463726.405533818,3583840.41187492,29673.80608
130,27,0,42,28274.93263,34856.22371,465278.217523910,3583947.86160020,28274.93263
131,27,0,26,29371.02073,42443.94468,464127.501126109,3583942.71342256,29371.02073
132,27,1,41,28197.26354,31647.99203,465453.775680161,3584063.99047917,28197.26354
133,27,0,27,29140.40638,42686.0736,464417.943043141,3584089.29107083,29140.40638
134,27,1,33,28582.99659,67931.23744,464986.946336162,3584082.41156978,28582.99659
135,27,1,39,28432.08488,24877.38404,465249.968160895,3584145.53345013,28432.08488
138,27,0,40,28301.96033,32062.51902,465422.246548085,3584269.36519291,28301.96033
139,27,1,23,29449.34662,76231.1229,464101.060293937,3584185.96366358,29449.34662
140,27,1,22,29245.56961,43579.46015,464379.696314420,3584338.74201195,29245.56961
141,27,0,38,28363.55482,12675.87423,465481.926894373,3584454.44869888,28363.55482
142,27,0,36,28556.25765,31426.68563,465167.657573991,3584385.50409947,28556.25765
143,27,1,32,28762.745,42917.40975,464946.361706126,3584400.68933763,28762.745
144,27,0,37,28431.68448,36026.90739,465329.827508396,3584451.34907987,28431.68448
145,27,1,16,29926.32277,49091.16456,463717.755605850,3584430.92310259,29926.32277
146,27,1,21,29235.8111,36485.74112,464493.290247157,3584484.55480960,29235.8111
147,27,0,35,28432.51267,18123.20918,465464.299586391,3584618.87928054,28432.51267
148,27,0,34,28577.42708,12875.05792,465340.023473611,3584672.78320102,28577.42708
149,27,1,17,29834.93445,45959.33158,463861.392242659,3584657.32393547,29834.93445
150,27,0,31,28907.60536,27600.89607,464950.583967545,3584665.79236056,28907.60536
151,27,0,19,29222.83555,39779.0763,464510.297822883,3584667.81465911,29222.83555
152,27,0,20,29115.33863,39958.6386,464723.904151697,3584737.28092142,29115.33863
153,27,1,18,29578.82317,67159.95216,464174.341631163,3584730.70061574,29578.82317
154,27,0,15,29363.49409,37485.29909,464486.375274143,3584844.56793800,29363.49409
155,27,0,14,29552.48968,19581.51768,464397.466930168,3584975.24533194,29552.48968
156,27,0,142,29003.99234,59202.07391,464875.027780531,3584916.17675235,29003.99234
157,27,0,141,28894.33413,48199.20368,465052.301674594,3584949.27496209,28894.33413
158,27,0,13,29351.94807,37459.80466,464582.518071420,3585041.44421400,29351.94807
159,27,0,12,29679.33354,48781.82207,464299.358630641,3585269.75673234,29679.33354
160,27,1,11,29511.47483,60204.27909,464701.095953004,3585841.49236970,29511.47483
161,27,1,9,29092.09811,102146.2785,465170.482018654,3585846.93901796,29092.09811
162,27,1,8,29431.43273,42774.26468,464935.831663604,3585938.00167575,29431.43273
163,27,0,10,29866.03613,67131.67004,464458.981404969,3585987.45540187,29866.03613
164,27,1,7,29620.56751,49692.34289,464783.599944643,3586078.05352888,29620.56751
165,27,1,4,29385.72891,46840.31623,465080.279822641,3586126.33188291,29385.72891
166,27,1,6,29819.50867,52783.75546,464629.753863476,3586206.87154372,29819.50867
167,27,0,3,29560.80406,64275.73752,464963.582709042,3586305.33864183,29560.80406
168,27,0,5,30020.81085,52559.91683,464468.183029421,3586336.33917334,30020.81085
169,27,1,2,29768.03172,49326.74983,464794.317623732,3586420.62747955,29768.03172
170,27,1,1,29982.9855,49863.38426,464617.214473254,3586542.99233995,29982.9855
171,8,0,13,31835.40813,32721.8044,459655.581376057,3589455.48496660,31835.40813
172,8,0,15,32244.11853,54547.30682,460131.196320901,3589470.03431270,32244.11853
173,8,0,14,31944.13045,56184.33012,459894.890717239,3589503.68838262,31944.13045
174,8,0,12,32129.48931,53597.0348,460124.761578630,3589727.93350046,32129.48931
175,8,0,11,31897.69163,58446.39738,459890.544663074,3589745.58103427,31897.69163
176,8,0,10,31666.71214,55074.82618,459652.392321551,3589774.09272202,31666.71214
177,8,1,9,31701.85701,25473.1617,459759.428091930,3590097.06712621,31701.85701
178,8,0,8,31544.61413,27958.84512,459604.485708035,3590122.53873979,31544.61413
179,8,0,6,31250.72981,29416.44114,459306.918918513,3590140.95679217,31250.72981
180,8,0,7,31368.77247,27173.13531,459456.448441036,3590152.97913209,31368.77247
181,8,0,1,30958.8261,19678.72144,459018.208319567,3590211.47951727,30958.8261
182,8,0,5,31664.45298,23600.12106,459796.893595355,3590266.51559113,31664.45298
183,8,0,4,31484.40258,26565.40105,459631.346562893,3590311.77077322,31484.40258
184,8,0,3,31210.24272,42600.17715,459431.151830749,3590364.22488507,31210.24272
185,8,1,2,30997.99138,44581.508,459218.290646465,3590393.98004073,30997.99138
186,10,0,5,21588.90027,34558.42252,452622.557740395,3603049.71364581,21588.90027
187,10,1,4,21620.01893,29097.11272,452659.571738742,3603227.18184210,21620.01893
188,10,0,2,21209.39788,68376.66201,452274.192894000,3603258.65397692,21209.39788
189,10,0,3,21452.96555,52504.71364,452478.038983423,3603260.22208076,21452.96555
190,10,0,6,21493.57042,18107.63377,452496.857205011,3603491.59791765,21493.57042
191,10,1,7,21282.91924,19952.68726,452325.724785067,3603498.87380242,21282.91924
192,10,0,1,20943.19606,52895.9217,451970.100554513,3603449.97308418,20943.19606
193,33,0,24,7830.928476,31211.69122,438728.176709310,3602077.33019047,7830.928476
194,33,0,26,7461.065669,38303.30817,438415.450572154,3602152.09877599,7461.065669
195,33,0,23,7821.102099,35969.06198,438770.714183301,3602344.88466094,7821.102099
196,33,1,25,7234.583551,40425.78775,438206.717366221,3602395.62589132,7234.583551
197,33,1,22,7630.915572,30397.27263,438594.204261739,3602472.20152289,7630.915572
198,33,0,21,7381.930297,31846.33012,438402.173565857,3602665.10058090,7381.930297
199,33,1,20,7937.852048,62728.03278,438982.967497023,3603011.75958804,7937.852048
200,33,0,19,7979.022112,50699.57679,439049.020723572,3603244.94681291,7979.022112
201,33,0,5,10133.45546,18829.38154,441110.042247542,3603466.55457368,10133.45546
202,33,0,18,7835.483719,54234.13642,438866.619519090,3603399.20111304,7835.483719
203,33,0,11,9767.713863,27539.69915,440783.332551507,3603486.45378187,9767.713863
204,33,0,10,9941.580334,39081.8568,440953.963219042,3603473.13974811,9941.580334
205,33,1,12,9554.149929,36161.38895,440607.155869316,3603528.58017652,9554.149929
206,33,0,17,8115.703005,86436.67616,439220.898985977,3603497.01270411,8115.703005
207,33,0,4,10028.62269,34656.52207,441061.577616534,3603705.58438302,10028.62269
208,33,1,16,8837.420168,29259.836,439859.354376206,3603769.77145835,8837.420168
209,33,0,9,9536.807341,35678.85919,440622.292143983,3603843.86257352,9536.807341
210,33,0,8,9746.66841,36059.29318,440794.938701164,3603872.27324207,9746.66841
211,33,1,3,9991.87788,39409.63234,441045.180472934,3603912.76649284,9991.87788
212,33,0,15,8914.968188,37774.33406,439956.362810098,3603996.42803423,8914.968188
213,33,0,2,9993.410411,41576.39637,441030.215203532,3604115.63563161,9993.410411
214,33,0,7,9769.233104,40139.52482,440801.734029627,3604163.53699966,9769.233104
215,33,0,13,9103.731375,30196.4288,440096.661229232,3604265.11873120,9103.731375
216,33,1,6,9634.91669,23640.0491,440596.627557091,3604266.86242209,9634.91669
217,33,0,14,8856.792663,59206.31496,439880.357831628,3604224.09687517,8856.792663
218,33,1,1,9961.715387,58793.91706,441005.649436038,3604320.35471366,9961.715387
219,24,0,28,6198.173669,22220.12417,437127.918108968,3604560.58269417,6198.173669
220,24,0,26,6207.649267,14959.85396,437083.717758662,3604700.95696509,6207.649267
221,24,0,27,6332.877925,8871.547746,437199.842996425,3604699.96547275,6332.877925
222,24,0,25,5923.692281,71406.928,436877.358337198,3604631.20769534,5923.692281
223,24,0,30,6652.318911,55647.99191,437604.407105317,3604636.17729455,6652.318911
224,24,0,29,6382.59825,70622.37995,437364.712088241,3604628.51289817,6382.59825
225,24,1,53,5570.341522,20827.20517,436459.416391579,3604749.90335805,5570.341522
226,24,1,21,5943.901506,16516.9327,436812.630081098,3604838.67311409,5943.901506
227,24,0,22,6127.192868,42575.71386,437044.608179754,3604857.89087229,6127.192868
228,24,0,24,6809.590039,42292.17218,437700.812452541,3604903.51251588,6809.590039
229,24,0,23,6450.576884,83077.16425,437418.440173204,3604897.11630017,6450.576884
230,24,1,16,6039.824957,65597.96891,437018.105670691,3605049.32880192,6039.824957
231,24,0,20,5846.878192,32829.22548,436660.646261416,3605012.75090787,5846.878192
232,24,0,19,6867.580553,72978.15151,437768.833836122,3605147.66021495,6867.580553
233,24,0,18,6565.661057,72236.91272,437454.601374612,3605144.78990624,6565.661057
234,24,1,15,6059.066628,25757.8943,436905.796203430,3605149.64089522,6059.066628
235,24,0,17,6427.795124,15601.95058,437213.405923392,3605216.94879535,6427.795124
236,24,1,52,7520.813052,11234.64367,438342.837328110,3605263.43898964,7520.813052
237,24,1,51,7716.611748,54447.73954,438597.047525314,3605335.87116973,7716.611748
238,24,1,50,8036.080342,61269.07452,438899.928459800,3605346.03134386,8036.080342
239,24,0,49,7943.149344,36750.36002,438764.540943098,3605555.14574109,7943.149344
240,24,1,31,7345.553483,44079.33182,438083.708984615,3605568.80882931,7345.553483
241,24,0,47,8266.87075,57740.74387,439050.354123429,3605626.50211707,8266.87075
242,24,0,45,8502.908192,76423.97644,439322.811860208,3605612.88611766,8502.908192
243,24,0,32,7469.324044,87806.08776,438266.672651695,3605544.39823023,7469.324044
244,24,0,34,7703.08943,64251.19443,438477.727739187,3605653.18401561,7703.08943
245,24,0,48,8140.75095,35927.82033,438859.419528547,3605761.15790354,8140.75095
246,24,0,33,7608.846991,48415.34691,438300.712751607,3605877.22912747,7608.846991
247,24,0,44,8577.731282,67880.211,439332.107384145,3605891.96854095,8577.731282
248,24,0,35,7895.203503,64523.33972,438532.263080330,3605988.84737944,7895.203503
249,24,1,46,8342.757767,61194.80517,439074.427185081,3605917.72455915,8342.757767
250,24,0,38,8098.502465,61714.9247,438726.297631456,3606045.36311314,8098.502465
251,24,1,43,8650.591838,63175.61423,439332.187922786,3606127.02865517,8650.591838
252,24,0,36,7943.689589,50119.80203,438467.542759881,3606302.25444048,7943.689589
253,24,0,37,8135.987451,43747.146,438659.513653150,3606319.71616622,8135.987451
254,24,0,39,8382.544724,76514.54147,438928.291440648,3606289.74531436,8382.544724
255,24,0,42,8591.410479,50487.98116,439137.493130272,3606393.29498199,8591.410479
256,24,0,12,6001.306229,18266.43519,436142.560643057,3606673.42231779,6001.306229
257,24,0,41,8632.476261,54571.74627,439121.569722071,3606657.15771996,8632.476261
258,24,0,40,8429.93667,72229.37917,438893.576319924,3606664.45196774,8429.93667
259,24,0,10,5919.664953,46160.36228,435997.486301746,3606811.04794519,5919.664953
260,24,0,9,5690.056987,12865.67683,435630.931907339,3606834.19901945,5690.056987
261,24,0,11,6188.99913,10615.28171,436207.552748926,3606834.30204033,6188.99913
262,24,0,6,5683.71191,88461.46083,435672.628775520,3607022.33542349,5683.71191
263,24,1,14,5188.331015,34139.39864,434852.666736341,3607058.78771400,5188.331015
264,24,1,5,5389.706938,81524.79889,435261.734601661,3607056.02308516,5389.706938
265,24,0,8,6410.133607,18508.95478,436292.281732859,3607143.31772882,6410.133607
266,24,1,7,6076.823324,113478.2509,436088.448578664,3607089.28506474,6076.823324
267,24,0,4,5806.164821,82198.34566,435679.814240003,3607216.48551128,5806.164821
268,24,1,13,5329.593679,54809.12198,434955.397801680,3607243.53793774,5329.593679
269,24,1,3,6154.726667,102429.2305,435863.800445225,3607523.76230221,6154.726667
270,24,1,2,5971.980754,91965.41137,435629.724677192,3607541.16744299,5971.980754
271,24,0,1,6370.230949,43998.3455,435715.672743312,3607880.10907588,6370.230949
272,21,0,54,16485.93549,46749.43037,447063.155165538,3608960.06447842,16485.93549
273,21,0,53,16405.04912,42350.54394,446995.424258982,3609152.46644698,16405.04912
274,21,0,52,15936.37756,92178.03519,446603.884816072,3609446.21446214,15936.37756
275,21,0,50,15581.8811,83377.21594,446357.602133135,3609809.05899225,15581.8811
276,21,0,51,15818.58094,68182.3141,446569.686852423,3609865.39698672,15818.58094
277,21,0,44,16057.58383,25746.34338,446781.935726115,3610222.36366654,16057.58383
278,21,0,30,16963.95208,51975.51954,447772.573318294,3610210.16565540,16963.95208
279,21,0,49,15384.78413,87801.64641,446253.747760504,3610189.07743615,15384.78413
280,21,0,41,17303.96479,54985.94047,448130.428472900,3610237.93275409,17303.96479
281,21,1,48,14939.13159,68400.96216,445848.801474496,3610344.40129416,14939.13159
283,21,0,43,15971.86825,52643.81109,446797.396439436,3610448.83332628,15971.86825
284,21,0,29,16888.93615,49863.17388,447738.912783685,3610477.01488928,16888.93615
285,21,0,46,15770.24862,46552.78913,446571.872570758,3610482.00302985,15770.24862
286,21,0,47,15203.96723,54943.68451,446099.383783574,3610534.15140614,15203.96723
287,21,1,40,17151.96878,59329.22093,448080.421274917,3610533.71476836,17151.96878
288,21,0,45,15542.18016,43681.07321,446510.491656649,3610758.24644264,15542.18016
289,21,0,42,15906.15398,49597.52403,446797.753104105,3610711.60921666,15906.15398
290,21,0,39,17290.04571,75482.05842,448311.251356795,3610692.78863536,17290.04571
291,21,1,28,16815.45212,33249.26879,447722.251067575,3610742.33416981,16815.45212
292,21,0,25,16506.02118,54276.99319,447497.380607838,3611018.22833166,16506.02118
293,21,0,27,16763.31147,36343.90286,447727.352328852,3611039.37144471,16763.31147
294,21,0,38,17182.54087,63932.10367,448298.274202888,3611243.10951240,17182.54087
295,21,0,24,16409.21422,64717.70455,447479.343890706,3611325.68669292,16409.21422
296,21,0,37,16985.62157,32397.34074,448047.687174807,3611402.88113180,16985.62157
297,21,0,26,16692.21496,69404.18886,447786.201595836,3611442.12212918,16692.21496
298,21,0,36,17467.66674,31186.21113,448663.099432445,3611704.86496407,17467.66674
299,21,1,22,16132.42515,62992.96312,447233.955920291,3611647.92606477,16132.42515
300,21,0,23,16324.76257,63610.90843,447453.519752717,3611660.55126312,16324.76257
301,21,0,35,17255.17318,32116.59004,448389.574186647,3611755.24332274,17255.17318
302,21,0,34,17027.2342,34091.59053,448190.438106418,3611765.98527872,17027.2342
303,21,0,33,17198.80471,25616.30371,448399.506624067,3611919.43869558,17198.80471
304,21,0,21,16288.66737,45447.87379,447442.193942864,3611962.28569748,16288.66737
305,21,1,32,17380.85995,36430.78541,448627.757546864,3612110.54527946,17380.85995
306,21,0,19,16165.12182,47959.62716,447392.978144285,3612232.18597881,16165.12182
307,21,0,18,15974.72069,34267.93792,447181.770489036,3612276.90927183,15974.72069
308,21,1,31,16983.88833,70779.1207,448330.698147783,3612253.93083610,16983.88833
309,21,0,20,16308.70438,68532.92119,447619.919138808,3612220.11884458,16308.70438
310,21,1,11,16085.73876,71201.77325,447483.919039606,3612602.48187229,16085.73876
311,21,1,17,16673.89669,37322.12601,447923.905613308,3612615.12569720,16673.89669
312,21,0,16,16505.43255,39575.75978,447762.268359624,3612616.05817520,16505.43255
313,21,1,10,16058.97264,84322.65146,447457.767231390,3612809.48905380,16058.97264
314,21,0,14,16479.23404,38375.5662,447767.853120215,3612901.26053543,16479.23404
315,21,1,15,16642.64387,40017.9288,447937.094147043,3612911.05254513,16642.64387
316,21,0,9,16058.55258,80255.56362,447482.267656939,3613033.35681016,16058.55258
317,21,1,13,16617.67905,45999.78562,447958.805789749,3613173.68580745,16617.67905
318,21,0,12,16450.40091,36820.35816,447765.815453771,3613181.96944757,16450.40091
319,21,1,8,16033.15417,75186.57493,447488.050346440,3613247.89627094,16033.15417
320,21,0,6,15911.26789,157492.9933,447469.864253283,3613603.10622171,15911.26789
321,21,0,7,16295.46388,73564.34154,447738.537086211,3613691.82752664,16295.46388
322,21,0,5,15819.61723,106058.0816,447353.593333013,3613976.78484274,15819.61723
323,21,0,4,15788.10585,71800.87783,447258.039712038,3614243.06348346,15788.10585
324,21,1,3,15701.86882,65303.76453,447183.217915710,3614520.90598995,15701.86882
325,21,1,2,16079.58551,84694.57769,447541.397441069,3614595.05629221,16079.58551
326,21,1,1,15766.79404,64120.31486,447278.640425764,3614737.72554499,15766.79404
327,18,0,29,10845.62495,47634.4678,410752.139686121,3630460.96009430,10845.62495
328,18,1,30,10716.36144,36271.276,410589.899176458,3630483.99405606,10716.36144
329,18,1,28,11044.23243,36412.60328,410940.978039084,3630547.23371927,11044.23243
330,18,1,27,11103.92282,57479.58128,411009.964727700,3630763.99655639,11103.92282
331,18,0,26,11042.86188,46089.73938,410912.053525875,3630952.73022326,11042.86188
332,18,1,22,11325.69029,74970.80551,411458.285238056,3631089.86987867,11325.69029
333,18,0,25,11267.17599,28977.78541,410989.191595441,3631210.78919299,11267.17599
334,18,0,24,11044.57389,47875.88815,410834.285762150,3631171.69537859,11044.57389
335,18,1,23,10961.32722,39606.8014,410699.320855322,3631311.49779227,10961.32722
336,18,1,21,11345.42557,66692.98883,411451.999528399,3631345.56312527,11345.42557
337,18,1,20,11467.77411,47319.02819,411186.619553919,3631410.51472625,11467.77411
338,18,0,18,11565.96264,11560.05395,411191.748426628,3631584.58954682,11565.96264
339,18,0,11,11173.76634,37831.989,410849.402825444,3631573.75001116,11173.76634
340,18,0,19,11494.44577,27854.47402,411412.240431912,3631589.39238609,11494.44577
341,18,1,17,11046.75576,39621.05613,411829.127667374,3631709.37492452,11046.75576
342,18,0,10,11140.53452,41344.80332,410775.637849442,3631741.32305962,11140.53452
343,18,0,14,11644.12895,14746.22792,411289.043591548,3631782.11340210,11644.12895
344,18,1,15,11461.86867,20573.61855,411466.169488518,3631776.41916876,11461.86867
345,18,0,16,11338.60829,16435.69566,411617.143618616,3631768.69144384,11338.60829
346,18,0,8,11000.64261,53070.05196,410638.574975934,3631921.31702953,11000.64261
347,18,0,9,11339.05218,48869.02721,410899.878255863,3631979.52188713,11339.05218
348,18,1,13,11145.78614,56240.92572,411774.322570905,3631972.15882748,11145.78614
349,18,1,12,11375.81176,104506.9914,411278.175516331,3631986.43780829,11375.81176
350,18,0,6,10951.87666,60648.73084,410511.282056133,3632092.32642203,10951.87666
351,18,0,7,11322.84959,51115.44212,410843.720178547,3632193.10262447,11322.84959
352,18,0,3,10912.54833,37321.29536,410356.497848264,3632258.12741429,10912.54833
353,18,0,4,11142.92647,19992.69574,410550.541672446,3632272.13712469,11142.92647
354,18,1,1,10866.00099,30111.24388,410253.909494908,3632407.21959289,10866.00099
355,18,1,2,11110.57238,19250.10308,410458.945026192,3632404.67037741,11110.57238
356,18,1,5,11267.43791,32191.57509,410653.185667318,3632354.30417242,11267.43791
357,32,1,2,20453.46464,40294.2684,367725.705530868,3664015.93407997,20453.46464
358,32,1,1,20239.13656,44792.55849,367710.253407037,3664313.86076772,20239.13656
359,19,0,8,19165.90969,14486.48863,366027.800212884,3667722.11703812,19165.90969
360,19,0,7,19216.05092,31272.53876,365791.864283914,3667796.00317856,19216.05092
361,19,0,6,19227.2148,36169.758,365729.162244269,3667930.69936102,19227.2148
362,19,0,5,19003.28839,17053.91471,365506.447630403,3668637.17182617,19003.28839
363,19,0,4,18925.02504,17314.58488,365508.975893925,3668767.08924232,18925.02504
364,19,0,3,18214.28794,47883.24802,365689.056574687,3669644.94539938,18214.28794
365,19,0,2,18152.72485,18790.08314,365722.230433980,3669798.29252253,18152.72485
366,19,0,1,18100.70167,18954.93312,365723.001190067,3669899.43715606,18100.70167
367,20,0,12,26849.93466,47531.99655,357341.905183546,3666717.66826328,26849.93466
368,20,0,11,26953.75994,42610.35939,357206.924116136,3666832.73182211,26953.75994
369,20,0,10,26909.69034,44242.78987,357122.127610511,3666969.18839656,26909.69034
370,20,0,9,26314.72112,42835.19824,357821.218544344,3667117.80855699,26314.72112
371,20,0,8,26421.43402,43793.1805,357644.888333746,3667210.50373694,26421.43402
372,20,0,7,26551.97362,51135.34198,357442.817623529,3667286.41022209,26551.97362
373,20,0,6,26712.03733,49797.87495,357235.983473412,3667297.90498540,26712.03733
374,20,0,5,26206.05355,21627.45274,357635.476263847,3667706.92295284,26206.05355
375,20,0,4,26182.72784,16053.49716,357622.666565237,3667819.04851656,26182.72784
376,20,0,3,26118.27585,22822.76509,357620.704685950,3667954.09029400,26118.27585
377,20,0,2,26058.22665,21422.02639,357621.926883013,3668098.93712768,26058.22665
378,20,0,1,26223.89744,25781.25326,357416.960367089,3668103.58360018,26223.89744
379,30,1,4,27691.47177,35682.77716,353208.341965735,3679928.67617788,27691.47177
380,30,0,3,27680.35082,21494.41955,353260.886975219,3680169.99597748,27680.35082
381,30,1,2,27806.41757,26727.02068,353085.126714993,3680202.26240745,27806.41757
382,30,0,1,27670.43767,39749.2116,353291.454623997,3680431.44079576,27670.43767
383,9,0,8,16680.56949,17280.85607,368485.158135449,3668618.90931614,16680.56949
384,9,0,7,16823.27498,32197.86893,368222.900881631,3668702.05928345,16823.27498
385,9,0,6,16655.62016,35682.28206,368337.579439897,3668827.39678810,16655.62016
386,9,0,5,16462.43455,39051.87301,368467.641718405,3668910.32590335,16462.43455
387,9,0,9,16801.35455,29438.61197,367950.162645092,3669010.59250421,16801.35455
388,9,0,4,16342.54357,39184.5497,368458.538818385,3669138.63366568,16342.54357
389,9,0,3,16451.8587,25038.6519,368297.613560671,3669174.89378741,16451.8587
390,9,1,1,16413.236,38964.37552,367620.288121075,3670062.18352844,16413.236
391,9,1,2,16296.44944,44591.95778,367805.561243051,3669980.79316867,16296.44944
392,31,0,15,11904.48928,48711.63208,442902.245121830,3603097.21808222,11904.48928
393,31,0,8,12120.6746,79335.94843,443175.412384872,3603231.69640068,12120.6746
394,31,0,19,12633.34508,20474.27331,443629.101789927,3603411.48196020,12633.34508
395,31,1,14,11888.03851,43258.25854,442889.670210747,3603422.19625859,11888.03851
396,31,0,7,12103.72733,46560.69554,443102.283563403,3603506.57324600,12103.72733
397,31,0,18,12824.45282,13374.58203,443809.481849890,3603712.81501475,12824.45282
398,31,0,17,12338.12806,126123.0048,443504.565779705,3603589.51520909,12338.12806
399,31,0,13,11882.45136,45980.60895,442888.030414189,3603720.57285020,11882.45136
400,31,0,6,12122.77768,28653.00297,443142.214325305,3603861.98733191,12122.77768
401,31,0,12,11883.18652,51493.69565,442924.115700467,3603970.53425297,11883.18652
402,31,0,5,12211.09305,32127.9431,443223.530083234,3604066.61103629,12211.09305
403,31,0,11,12031.879,29001.28758,443022.535363535,3604171.98698874,12031.879
404,31,0,10,11890.19311,30170.12687,442861.640499087,3604194.19704671,11890.19311
405,31,0,16,12594.74163,109032.3121,443708.651605233,3604078.40456685,12594.74163
406,31,0,4,12312.44365,39241.99741,443324.735808132,3604286.71149577,12312.44365
407,31,0,9,12049.55286,27247.67318,443074.213407134,3604345.96720112,12049.55286
408,31,0,3,12387.86165,40367.11699,443380.560533707,3604528.48505653,12387.86165
409,31,0,2,12458.59891,39675.63669,443430.417182983,3604762.66570459,12458.59891
410,31,0,1,12525.71757,33828.60832,443433.813474532,3605043.43176095,12525.71757
411,6,1,12,8465.741654,47381.79491,438501.510404348,3608624.59609941,8465.741654
412,6,0,11,8307.162557,49851.31292,438414.308557047,3608857.73703829,8307.162557
413,6,0,4,7977.266024,22401.92017,438074.385991058,3609018.29047992,7977.266024
414,6,0,10,8373.006235,24911.87837,438526.402183629,3609003.99600427,8373.006235
415,6,0,5,7988.140068,18873.12707,438166.964020637,3609185.54620747,7988.140068
416,6,0,3,7870.376674,22522.13911,438060.911644793,3609228.24027119,7870.376674
417,6,0,6,8048.585356,90724.19758,438329.613545467,3609195.27994321,8048.585356
418,6,0,7,8223.545615,12174.47927,438508.711760755,3609389.76656515,8223.545615
419,6,0,1,7839.704675,69796.74728,438202.406701647,3609518.10905772,7839.704675
420,6,0,2,7960.46988,21422.10052,438339.071267064,3609648.99484263,7960.46988
421,23,0,14,19520.49095,44465.09228,450582.074216009,3603009.62162146,19520.49095
422,23,0,16,19944.77546,62546.67718,451014.135644534,3603037.20141964,19944.77546
423,23,0,15,19819.88223,22073.07504,450809.276877407,3603026.88710400,19819.88223
424,23,0,13,19887.81682,41224.02692,450963.272287832,3603233.42133013,19887.81682
425,23,0,4,19051.07545,28897.16811,450049.360566120,3603289.23569452,19051.07545
426,23,0,12,20207.75386,46940.40178,451208.614997026,3603359.10631375,20207.75386
427,23,0,11,20062.43866,51839.49672,451073.162610572,3603491.31883842,20062.43866
428,23,0,10,19856.8825,49430.80936,450920.610207964,3603477.17009877,19856.8825
429,23,0,3,19038.14821,46629.43466,450098.188799490,3603564.43942362,19038.14821
430,23,0,8,19981.50877,18872.2381,450999.251094142,3603740.92148932,19981.50877
431,23,0,7,19695.63624,31134.32947,450740.556886621,3603653.67494072,19695.63624
432,23,0,9,20184.42176,24593.8555,451220.938983834,3603754.14678160,20184.42176
433,23,0,1,19014.58565,62131.354,450034.069875227,3603815.13141344,19014.58565
434,23,1,2,19195.91031,43408.98185,450190.295172401,3603870.08952250,19195.91031
435,37,1,120,15561.06102,57433.8208,443564.915779354,3594066.87174275,15561.06102
436,37,1,121,15290.16323,53829.05188,443210.598919318,3594073.73293371,15290.16323
437,37,1,122,15021.61157,62192.2794,442871.959081812,3594080.61716990,15021.61157
438,37,1,123,14840.44267,40009.60055,442613.590658165,3594110.87647182,14840.44267
439,37,0,124,14668.44975,35962.55646,442423.459757641,3594167.61728608,14668.44975
440,37,1,125,14480.0944,39904.36171,442229.088546034,3594214.89753664,14480.0944
441,37,0,117,15238.21124,40975.10192,443212.155805125,3594247.08791567,15238.21124
442,37,0,118,15427.07541,60691.78235,443509.605860987,3594255.40339037,15427.07541
443,37,0,119,15693.12812,60074.46724,443841.086102139,3594261.45211307,15693.12812
444,37,1,116,15102.14042,25582.32831,442989.960786944,3594267.12368529,15102.14042
445,37,1,115,15187.88437,37198.0535,443223.791489165,3594420.60970860,15187.88437
446,37,0,95,14314.74098,30202.30632,442221.514877525,3594491.45248370,14314.74098
447,37,0,108,15873.98561,39817.50028,444207.290303677,3594548.82609776,15873.98561
448,37,1,114,15344.84867,46780.35928,443471.610859699,3594468.72706206,15344.84867
449,37,0,113,15431.40209,78815.87234,443692.003521999,3594541.61637586,15431.40209
450,37,1,112,15584.01747,74497.80328,443913.669793785,3594540.52414983,15584.01747
451,37,1,94,14201.70486,35194.32914,442226.892023935,3594682.53669541,14201.70486
452,37,1,96,14351.22929,70018.7128,442415.485565346,3594588.25763980,14351.22929
453,37,1,97,14495.18079,77270.72631,442608.552500245,3594587.31957946,14495.18079
454,37,1,98,14653.73118,80821.9413,442809.412630460,3594583.05823843,14653.73118
455,37,1,99,14811.61882,61863.34986,442996.889537241,3594618.50870527,14811.61882
456,37,1,100,14959.65285,39588.43542,443182.710041373,3594689.63993490,14959.65285
457,37,0,107,15742.55371,40095.3292,444198.970123037,3594755.79975335,15742.55371
458,37,1,110,15388.34698,20012.94191,443728.828753575,3594806.01192792,15388.34698
459,37,1,90,13928.24646,27033.71099,442016.949678999,3594879.31463411,13928.24646
460,37,0,91,14071.80373,31409.95909,442210.848255367,3594881.74031696,14071.80373
461,37,0,92,14230.59023,31224.85882,442411.328535869,3594883.94409556,14230.59023
462,37,1,93,14391.78253,29980.26889,442609.423943076,3594885.31429006,14391.78253
463,37,1,80,14706.47638,62205.042,443096.184083697,3594894.86039685,14706.47638
464,37,0,111,15475.2408,42766.05868,443906.874443889,3594858.90679976,15475.2408
465,37,1,81,14499.02702,45582.88014,442806.763308438,3594924.17204012,14499.02702
466,37,0,106,15639.96271,52846.60972,444203.096351362,3594956.54580384,15639.96271
467,37,1,103,15832.72437,48281.0768,444446.028101159,3594950.75076342,15832.72437
468,37,0,105,15594.48508,6045.588496,444113.649548504,3595076.55239445,15594.48508
469,37,1,102,16020.58585,46333.91612,444651.187630244,3594984.90976027,16020.58585
470,37,0,82,14277.07863,30684.54111,442601.620731667,3595065.55259706,14277.07863
471,37,1,83,14117.78608,31681.3553,442406.036924757,3595068.36099577,14117.78608
472,37,1,84,13959.61608,31189.75046,442209.488791042,3595070.11062031,13959.61608
473,37,1,78,14917.144,48603.50568,443404.621055949,3595034.30716725,14917.144
474,37,1,77,15100.5162,46781.58921,443619.471737637,3595047.83011280,15100.5162
475,37,0,104,15669.81246,6653.850915,444237.717602523,3595112.96829602,15669.81246
476,37,1,85,13798.6259,31668.75417,442011.335647213,3595072.40137275,13798.6259
477,37,1,79,14602.8261,59633.9006,443087.175171254,3595072.88130563,14602.8261
478,37,1,86,13631.04394,70075.71685,441816.181499375,3594979.50369316,13631.04394
479,37,1,87,13472.931,71890.17653,441618.983552716,3594982.88598974,13472.931
480,37,1,88,13317.6012,70203.42516,441420.336817684,3594986.59621929,13317.6012
481,37,1,89,13161.34234,43638.85687,441226.120929020,3595056.97244440,13161.34234
482,37,1,101,16132.19255,70906.55794,444886.553511434,3595119.75729031,16132.19255
483,37,0,71,14326.2464,50441.7637,442817.872843322,3595233.41411135,14326.2464
484,37,0,72,14476.07732,31823.72018,442985.833676227,3595271.01805735,14476.07732
485,37,1,74,14764.55501,48688.35525,443385.356388138,3595272.48708860,14764.55501
486,37,1,76,15173.7282,53356.61427,443853.320392802,3595255.48393506,15173.7282
487,37,1,73,14595.69194,35539.71683,443154.036575988,3595276.99946668,14595.69194
488,37,0,75,14969.412,52482.80331,443626.389686427,3595270.77863245,14969.412
489,37,1,66,13629.9587,46889.30327,442008.610200735,3595308.67893628,13629.9587
490,37,1,68,13914.9031,53862.83334,442395.209129695,3595318.02290633,13914.9031
491,37,1,69,14071.89277,31233.36779,442557.678806685,3595309.84094347,14071.89277
492,37,1,70,14118.50135,35085.01171,442656.924907816,3595375.09030868,14118.50135
493,37,1,67,13777.17171,55315.19731,442207.736677862,3595329.97245690,13777.17171
494,37,0,65,13890.95971,12239.39469,442423.190222634,3595502.76524727,13890.95971
495,37,1,64,13717.27233,8654.390508,442163.956542560,3595509.41894260,13717.27233
496,37,1,63,13560.17533,15811.37598,441995.163086174,3595501.93896279,13560.17533
497,37,1,61,13233.81469,69104.50688,441607.288436980,3595367.18749464,13233.81469
498,37,1,62,13394.70815,71645.69875,441808.328735711,3595366.11436490,13394.70815
499,37,0,60,13072.08012,69787.94579,441409.361371370,3595370.05966210,13072.08012
500,37,1,59,12928.8298,65408.79174,441219.296368053,3595370.85736643,12928.8298
501,37,1,56,14120.58269,61956.99081,442814.860256566,3595577.59022150,14120.58269
502,37,1,57,14271.31385,40489.87745,442969.949714766,3595573.75793154,14271.31385
503,37,1,58,14355.50491,43483.73046,443101.299239203,3595577.75973275,14355.50491
504,37,1,52,13350.50977,55473.89064,441996.401907178,3595727.77716586,13350.50977
505,37,1,50,12998.5243,61724.2595,441595.681731047,3595753.18786411,12998.5243
506,37,1,48,12699.20198,49018.39838,441213.556555874,3595750.82724201,12699.20198
507,37,1,51,13158.16531,62878.15126,441793.977801924,3595750.32521699,13158.16531
508,37,1,49,12816.21485,65367.2432,441396.428235569,3595768.28640001,12816.21485
509,37,1,53,13500.28203,70041.8199,442197.440830129,3595762.04904634,13500.28203
510,37,1,55,13741.34533,91191.43247,442595.940988290,3595785.07455985,13741.34533
511,37,1,54,13560.58452,101868.609,442390.512390522,3595839.30365371,13560.58452
512,37,1,47,13289.56966,53159.88682,442555.163275175,3596790.02546565,13289.56966
513,37,1,46,13215.61676,43191.89733,442552.236624315,3597016.84782124,13215.61676
514,37,1,14,11744.38803,48474.91147,442437.773629101,3600527.94510941,11744.38803
515,37,1,15,12001.34513,49503.37117,442701.759981530,3600530.90581832,12001.34513
516,37,0,13,11697.88756,96165.84162,442570.842036868,3600732.21238481,11697.88756
517,37,1,12,11665.78562,95664.97406,442576.357074356,3600927.67639321,11665.78562
518,37,0,28,12639.23607,14703.54992,443393.467683268,3601017.21427723,12639.23607
519,37,0,27,12454.13816,16327.21789,443226.199352097,3601045.91173258,12454.13816
520,37,0,26,12230.43567,17617.89559,443029.610501634,3601076.96674367,12230.43567
521,37,1,11,11721.45675,78621.59486,442629.440229805,3601125.41294624,11721.45675
522,37,1,22,12787.44426,34273.03344,443593.650420977,3601143.38701897,12787.44426
523,37,0,10,12119.27983,25250.24851,442933.598843777,3601335.62906653,12119.27983
524,37,1,9,11664.9179,78467.33508,442630.928518468,3601325.74712487,11664.9179
525,37,1,25,12266.13049,39269.10413,443094.871278296,3601267.02238698,12266.13049
526,37,0,21,12784.24498,39865.17044,443626.895640249,3601344.14280281,12784.24498
527,37,0,34,12442.93966,59120.75006,443258.967771477,3601281.20523800,12442.93966
528,37,0,23,12624.29148,57332.99648,443433.368470057,3601272.59660822,12624.29148
529,37,0,18,12365.94992,33033.15502,443260.055169697,3601538.93636415,12365.94992
530,37,1,7,11539.07082,93550.12529,442596.399308285,3601524.22573926,11539.07082
531,37,0,8,12083.90239,40065.74464,442967.810619113,3601531.28222835,12083.90239
532,37,1,17,12389.394,29767.90709,443296.366881806,3601693.08108509,12389.394
533,37,1,19,12619.91702,53117.56585,443492.467558762,3601619.10993034,12619.91702
534,37,0,20,12797.44997,50961.16794,443671.173640646,3601628.43285767,12797.44997
535,37,1,5,11510.19652,99864.11852,442576.174526830,3601720.01807123,11510.19652
536,37,0,6,12056.19333,52371.6839,442999.051663407,3601726.73837549,12056.19333
537,37,0,4,12201.15444,28248.15555,443112.559588142,3601918.60788212,12201.15444
538,37,1,1,11487.4346,46717.14311,442439.796643588,3601916.65324140,11487.4346
539,37,1,16,12418.77501,28504.215,443324.980391959,3601899.61881959,12418.77501
540,37,0,3,12032.00499,28032.01753,442940.153615186,3601918.05968185,12032.00499
541,37,1,2,11753.41754,48709.99143,442713.396800973,3601920.24790715,11753.41754
542,17,1,115,33343.56079,23669.38362,461364.741533295,3587475.20758883,33343.56079
543,17,1,111,33518.57585,58521.44168,460643.055496569,3587557.37823990,33518.57585
544,17,1,113,33589.81904,75807.7567,460998.391173475,3587573.94777673,33589.81904
545,17,1,110,32353.56616,47730.58003,462526.090002333,3587694.74735121,32353.56616
546,17,1,109,32530.61089,60750.34071,462313.876649516,3587704.83853509,32530.61089
547,17,0,108,32733.2188,55430.9527,462101.503246827,3587708.50276039,32733.2188
548,17,0,114,33358.21198,80015.65976,461313.214619918,3587720.73934209,33358.21198
549,17,1,112,33712.58605,51119.32988,460906.569103564,3587775.33854888,33712.58605
550,17,0,103,32253.65256,24925.82331,462735.325790960,3587846.47364544,32253.65256
551,17,1,107,32909.87842,50080.05936,461914.807847811,3587783.56459966,32909.87842
552,17,0,102,32457.44054,24991.16198,462536.249493281,3587900.44066723,32457.44054
553,17,0,106,33165.70071,41048.82157,461718.357086937,3587881.32733015,33165.70071
554,17,1,105,33329.77448,42937.62152,461526.442692605,3587887.92414303,33329.77448
555,17,0,104,33548.80001,24858.90528,461334.037453958,3587947.18754881,33548.80001
556,17,0,101,32640.44157,38356.85733,462325.088814358,3587942.58920735,32640.44157
557,17,1,100,32852.07188,43815.8745,462116.554213119,3587982.24753179,32852.07188
558,17,0,94,33616.02433,35021.45484,460958.674757357,3588120.21119402,33616.02433
559,17,1,95,33758.79226,54122.34615,461138.311696096,3588083.83927032,33758.79226
560,17,1,96,33621.41537,38536.17551,461337.820116835,3588133.58713543,33621.41537
561,17,1,97,33437.58501,43272.45449,461533.908021779,3588129.95592304,33437.58501
562,17,0,98,33258.65932,45203.73123,461734.218007482,3588126.21206981,33258.65932
563,17,1,67,32890.01524,22464.07161,462258.690915278,3588328.85303145,32890.01524
564,17,0,99,33036.19976,66564.28297,461923.622830811,3588120.17323750,33036.19976
565,17,1,89,33508.55353,39797.48154,460957.454808409,3588345.52590292,33508.55353
566,17,0,90,33681.24089,40053.73895,461149.813175799,3588352.18819892,33681.24089
567,17,0,88,33325.07223,49373.53358,460776.782794869,3588316.35402819,33325.07223
568,17,0,91,33714.58863,40144.74948,461347.952949149,3588358.61856622,33714.58863
569,17,1,68,31750.84855,41199.4992,458959.512919036,3588370.91145606,31750.84855
570,17,0,69,31854.01558,32275.06021,459116.302604657,3588416.94512044,31854.01558
571,17,1,66,32984.63686,31662.30898,462207.107373872,3588465.71751092,32984.63686
572,17,1,93,33360.39062,49972.18215,461740.083527782,3588392.27294434,33360.39062
573,17,0,80,32642.65088,38267.63194,460050.552995830,3588484.50406740,32642.65088
574,17,0,70,31993.09259,39715.12134,459304.622186660,3588470.98895574,31993.09259
575,17,1,81,32791.47848,44369.18812,460232.754219697,3588497.44189383,32791.47848
576,17,1,92,33538.02551,66550.51757,461547.177448408,3588433.53054466,33538.02551
577,17,0,82,32948.60822,41189.92219,460406.218073682,3588515.32196631,32948.60822
578,17,1,71,32103.22167,38977.06567,459474.665175211,3588542.78123854,32103.22167
579,17,0,85,33404.78672,43348.41612,460960.534455243,3588573.80575720,33404.78672
580,17,0,83,33082.88731,53461.42502,460575.379567050,3588523.08244307,33082.88731
581,17,0,84,33224.92726,41214.79951,460760.677780821,3588579.72279702,33224.92726
582,17,0,87,33757.00805,38955.37457,461354.658270052,3588581.05409693,33757.00805
583,17,1,65,33044.5985,43581.38597,462237.370220851,3588646.36041508,33044.5985
584,17,0,72,32262.64833,59924.41364,459683.700279517,3588553.44744104,32262.64833
585,17,1,64,33199.73516,43962.49526,462013.499917071,3588617.15040761,33199.73516
586,17,0,73,32401.46332,67738.34062,459866.391965649,3588575.60840238,32401.46332
587,17,0,86,33548.59435,55212.1471,461159.799886824,3588616.30263403,33548.59435
588,17,0,74,32543.79053,35419.30511,460045.764458032,3588707.32197232,32543.79053
589,17,0,75,32687.85597,37664.42408,460228.010085915,3588740.97971404,32687.85597
590,17,0,79,33311.10435,32657.26431,460953.914444843,3588773.83347205,33311.10435
591,17,0,76,32834.32917,39512.67355,460408.856727269,3588781.07675489,32834.32917
592,17,0,78,33115.09052,40490.11054,460758.836879321,3588809.67284969,33115.09052
593,17,0,77,32978.511,38972.72651,460580.602689876,3588817.96325322,32978.511
594,17,0,63,33100.11546,50054.94764,462220.815001699,3588834.33253231,33100.11546
595,17,0,62,33358.33632,41142.28311,461986.978741855,3588848.57306046,33358.33632
596,17,1,61,33520.55486,40781.74521,461790.011909629,3588845.41597763,33520.55486
597,17,0,60,33735.65645,30002.16727,461597.935603668,3588897.42092805,33735.65645
598,17,1,59,33649.61337,27991.79021,461405.059352312,3588957.89906657,33649.61337
599,17,1,58,33263.73288,37762.38262,462200.855751508,3589045.39812541,33263.73288
600,17,1,57,33463.12681,41993.34212,461979.659789994,3589062.75184203,33463.12681
601,17,0,56,33654.9637,38143.41605,461778.499280834,3589075.24122376,33654.9637
602,17,0,55,33763.11894,33013.43884,461595.120908705,3589093.98515694,33763.11894
603,17,0,54,33593.7829,28948.66816,461413.205697952,3589120.68984847,33593.7829
604,17,0,53,33395.58029,41610.0157,461185.016156507,3589090.44172423,33395.58029
605,17,1,52,33195.28771,37055.06381,461001.354588683,3589138.03287999,33195.28771
606,17,0,50,33531.93299,47251.9316,461506.311199624,3589318.68674068,33531.93299
607,17,0,51,33792.40542,34464.6281,461770.804110926,3589330.23360028,33792.40542
608,17,0,12,30335.62574,48615.28044,457926.008252644,3589345.93201799,30335.62574
609,17,0,11,30100.89564,53261.30053,457680.374000156,3589359.73353740,30100.89564
610,17,0,6,29863.49655,56582.19278,457420.799002510,3589373.35542503,29863.49655
611,17,0,2,29570.66053,16236.23979,457120.893271022,3589479.72590776,29570.66053
612,17,1,47,33263.24666,44895.10333,461211.153050366,3589412.99252900,33263.24666
613,17,1,46,33059.30003,52435.36458,461009.435889492,3589424.97788729,33059.30003
614,17,0,45,32852.87844,51268.6308,460789.664101654,3589445.51215894,32852.87844
615,17,1,48,33480.62518,46732.71914,461500.693970592,3589481.60671706,33480.62518
616,17,0,49,33718.78693,30520.13678,461752.762269396,3589514.35958584,33718.78693
617,17,0,117,30709.18913,38746.51661,458459.797323201,3589540.92790411,30709.18913
618,17,0,116,30469.95571,30429.32759,458179.956671267,3589548.25526062,30469.95571
619,17,0,118,30978.64528,33395.10235,458732.296984515,3589537.09436742,30978.64528
620,17,1,1,29518.98417,18494.84364,457133.081465753,3589591.94588325,29518.98417
621,17,1,44,33418.98459,34766.14262,461477.900272799,3589655.21206989,33418.98459
622,17,1,5,29729.27141,56786.7412,457417.017019342,3589651.66846868,29729.27141
623,17,1,43,33158.91685,47683.48141,461217.747416676,3589656.48370080,33158.91685
624,17,1,10,30186.19379,45783.18657,457937.226399799,3589685.51689140,30186.19379
625,17,0,42,32951.60977,46499.5378,460997.239088819,3589672.24390707,32951.60977
626,17,0,41,32742.62696,46160.87484,460776.188378264,3589691.41926328,32742.62696
627,17,1,4,29682.45546,20793.85651,457391.658851381,3589811.76633839,29682.45546
628,17,1,8,29964.92706,45537.94911,457739.104051019,3589823.44699931,29964.92706
629,17,1,3,29615.91125,18302.60368,457348.323702458,3589929.06788578,29615.91125
630,17,0,7,29731.84618,39537.14787,457565.026074796,3589905.28272238,29731.84618
631,17,0,40,33571.93064,28636.57174,461758.663287287,3589920.82763056,33571.93064
632,17,0,39,33295.5393,18963.41573,461437.406525744,3589934.97073450,33295.5393
633,17,0,9,30077.73251,46380.29246,457925.144757593,3589915.48622093,30077.73251
634,17,0,31,32619.38359,44890.99684,460785.024079722,3590023.20595317,32619.38359
635,17,0,32,32817.85854,44579.54868,460997.227660372,3590016.65201764,32817.85854
636,17,0,33,33008.1241,52313.82741,461213.469593013,3590006.04163989,33008.1241
637,17,0,38,33815.02103,22817.48244,462067.280143637,3590102.66844008,33815.02103
638,17,1,37,33677.90097,24892.11995,461929.304127617,3590102.93662606,33677.90097
639,17,0,36,33488.63223,36653.99016,461756.083075260,3590103.55734221,33488.63223
640,17,0,35,33347.65725,27952.93993,461579.114798786,3590105.30948227,33347.65725
641,17,0,34,33191.48921,28461.09058,461415.981530630,3590108.24542108,33191.48921
642,17,1,23,32524.26108,46099.70711,460778.232163594,3590251.56772109,32524.26108
643,17,0,25,32904.48873,43187.82542,461192.523397667,3590250.56810503,32904.48873
644,17,1,24,32714.25017,43191.21386,460984.113195727,3590251.45384293,32714.25017
645,17,0,26,33112.43396,24963.37943,461405.437778031,3590288.39882229,33112.43396
646,17,0,30,33753.54458,23192.88117,462084.826358095,3590293.14528495,33753.54458
647,17,0,29,33602.24305,25597.93415,461934.554354316,3590294.42048358,33602.24305
648,17,0,28,33413.92813,33895.48081,461753.267636079,3590295.02586363,33413.92813
649,17,0,27,33271.89107,25831.57104,461576.824305307,3590296.91786307,33271.89107
650,17,1,22,33688.86468,26374.99294,462100.488366532,3590477.37046678,33688.86468
651,17,0,21,33531.98038,26797.80112,461938.207045301,3590477.09211255,33531.98038
652,17,0,20,33343.56362,32464.53642,461751.174517512,3590478.75287028,33343.56362
653,17,1,18,33092.90747,16771.58893,461444.324353065,3590479.79919555,33092.90747
654,17,0,19,33198.80448,25764.27096,461573.530555960,3590479.26951221,33198.80448
655,17,0,14,33114.25619,29305.26694,461571.265964454,3590676.76857146,33114.25619
656,17,0,13,32976.04047,25961.64484,461426.059136496,3590681.92851287,32976.04047
657,17,1,17,33606.72664,20883.3993,462087.756227075,3590650.07764354,33606.72664
658,17,1,15,33260.2551,38853.52295,461749.969072545,3590675.15106001,33260.2551
659,17,0,16,33446.51205,34725.90636,461939.450451418,3590675.36063320,33446.51205
660,34,0,13,6742.011007,28795.21202,416802.472773117,3628558.02443577,6742.011007
661,34,0,12,6746.560055,32805.06556,416710.210722069,3628749.30738291,6746.560055
662,34,0,10,6811.700106,16780.9983,416554.034147047,3628872.25186144,6811.700106
663,34,1,11,6583.332344,26547.53477,416834.989096169,3628856.57544411,6583.332344
664,34,0,9,6989.090981,8281.653081,416422.087201370,3628933.27329816,6989.090981
665,34,0,8,7016.223167,33744.99956,416288.618280963,3629043.71457588,7016.223167
666,34,0,7,7232.427553,21802.27408,416106.353238487,3629059.60046117,7232.427553
667,34,0,6,7123.514231,9602.414583,416172.889223907,3629156.58686167,7123.514231
668,34,0,4,6657.123909,54338.18934,416568.854985086,3629115.84278877,6657.123909
669,34,0,5,7211.867115,13477.33476,416051.479785728,3629264.41096349,7211.867115
670,34,1,2,6672.948041,53567.96909,416491.626538042,3629355.78610716,6672.948041
671,34,0,3,6900.394381,64828.01901,416239.014777242,3629336.44802658,6900.394381
672,34,0,1,6326.576884,61423.90177,416838.737495210,3629436.39992418,6326.576884
673,11,0,27,11442.88943,43177.84351,410970.378689334,3624908.02648429,11442.88943
674,11,0,25,11225.03118,48751.90393,410798.568289996,3625048.74388336,11225.03118
675,11,1,26,11393.31671,34510.61547,410978.771728223,3625122.86528782,11393.31671
676,11,0,24,11371.37051,31366.81765,410997.987351688,3625381.04532121,11371.37051
677,11,0,23,11131.27434,52739.75211,410793.845217251,3625391.25778783,11131.27434
678,11,1,22,11205.58085,48519.58208,410968.079914569,3625692.29294517,11205.58085
679,11,0,21,10989.60869,52769.25284,410797.245629926,3625816.64692960,10989.60869
680,11,1,20,11050.21195,82383.18869,410921.598428611,3626173.36066070,11050.21195
681,11,0,17,11238.70042,24403.57528,411169.622340329,3626594.14115609,11238.70042
682,11,0,19,10839.97849,36964.79364,410747.039375409,3626574.39690036,10839.97849
683,11,1,18,11004.84312,53198.95413,410961.556028199,3626577.14681818,11004.84312
684,11,0,16,11055.34631,38600.42868,411045.017285392,3626761.38526529,11055.34631
685,11,0,10,10775.91854,29971.09237,410740.556388861,3626922.41530793,10775.91854
686,11,1,15,11581.37636,56158.59994,411578.221507406,3626917.10881636,11581.37636
687,11,1,13,11148.36136,50589.21567,411117.340918185,3627017.21077649,11148.36136
688,11,0,14,11263.79987,93576.53565,411312.858613282,3626998.00700056,11263.79987
689,11,0,9,10725.8779,39980.60256,410716.955516460,3627162.05501071,10725.8779
690,11,0,11,11105.09041,54310.26647,411165.307580541,3627356.51734498,11105.09041
691,11,0,12,11365.16131,51306.53181,411413.839890404,3627349.56146877,11365.16131
692,11,0,8,10692.75301,33140.84408,410705.264569233,3627416.46748938,10692.75301
693,11,1,7,10661.16675,33544.2121,410694.843624895,3627668.06022606,10661.16675
694,11,0,3,10951.90573,52387.72973,411068.832765269,3627741.10131732,10951.90573
695,11,0,6,11392.42063,55861.33166,411508.982464742,3627816.53169699,11392.42063
696,11,1,5,11273.99011,38277.76733,411422.267804624,3628018.11240652,11273.99011
697,11,1,2,10763.70388,83010.58758,410951.474063220,3627998.43785412,10763.70388
698,11,1,4,11202.10257,65464.8343,411334.566599834,3628265.97621722,11202.10257
699,11,0,1,10666.24141,68704.36784,410815.076098389,3628263.46847443,10666.24141
701,3,0,7,23166.12426,27546.18064,364673.908120905,3663176.92719754,23166.12426
702,3,1,6,23038.70404,24460.5092,364866.282620133,3663179.85303199,23038.70404
703,3,0,5,22928.47544,21585.91268,365033.060793602,3663184.72735591,22928.47544
704,3,0,22,22785.91743,30271.03041,365207.486070281,3663192.22679495,22785.91743
705,3,1,4,22793.82438,27196.37176,365023.352266225,3663365.69647374,22793.82438
706,3,0,21,22676.49774,29948.28301,365189.154953694,3663369.34986015,22676.49774
707,3,1,3,22642.2989,36898.46967,365081.265276965,3663550.57770917,22642.2989
708,3,0,2,22736.6963,28881.06555,364887.889360984,3663570.54733211,22736.6963
709,3,0,1,22845.7774,32286.93614,364701.718126778,3663602.89081306,22845.7774
710,3,0,19,21925.29923,39786.69797,365787.928319447,3663795.91089235,21925.29923
711,3,1,20,21769.68825,42355.20454,366030.739541078,3663791.14718407,21769.68825
712,3,0,17,22115.65942,36170.37912,365265.553256612,3664052.16532967,22115.65942
713,3,0,18,21821.95523,45304.80779,365777.289601955,3663997.52397393,21821.95523
714,3,0,16,22279.55116,27010.43662,365045.513900175,3664071.87427955,22279.55116
715,15,0,13,36195.16194,38532.28899,468252.530471568,3600976.41222886,36195.16194
716,15,0,12,36392.48249,26607.28887,468258.059175232,3601195.71685158,36392.48249
717,15,0,14,36062.33939,78235.22977,468443.291133212,3601057.50497369,36062.33939
718,15,0,11,36125.53577,46182.12148,468827.126097736,3601369.63593879,36125.53577
719,15,0,10,36261.79959,46103.44695,468632.420032027,3601384.36760524,36261.79959
720,15,0,9,36615.25218,56727.36184,468391.672840115,3601647.79697565,36615.25218
721,15,0,8,36696.49234,19525.38839,468634.769600349,3601907.95952208,36696.49234
722,15,0,7,37155.07532,23415.88757,468307.038848240,3602210.09447454,37155.07532
723,15,0,6,37045.60189,26187.05623,468489.616392579,3602217.56753191,37045.60189
724,15,0,5,37237.835,23633.8097,468329.333562728,3602344.51884647,37237.835
725,15,0,4,37142.14878,40798.74366,468537.309130923,3602435.89811311,37142.14878
726,15,0,3,37338.49532,29986.94185,468371.158492574,3602522.56245755,37338.49532
727,15,0,2,37318.50048,41215.82031,468590.673831638,3602681.24491660,37318.50048
728,15,0,1,37401.92752,32625.78952,468419.732235435,3602716.48132002,37401.92752
729,13,0,4,19690.64499,37422.54779,447880.217122949,3593254.98993861,19690.64499
730,13,0,2,19335.91062,30238.42457,447423.954218697,3593271.81378693,19335.91062
731,13,0,3,19419.90812,32489.10743,447583.445333165,3593308.88065304,19419.90812
732,13,0,1,19086.83858,50362.00111,447271.903118320,3593354.04134671,19086.83858
733,24,0,61,12654.90469,77331.14119,442527.638666236,3598000.16201955,12654.90469
734,24,0,59,12185.5304,42722.55213,442089.643631884,3598249.54774464,12185.5304
735,24,0,60,12532.43525,73687.96148,442589.385797006,3598326.53803272,12532.43525
736,24,0,58,12102.28518,85766.82231,442174.631853693,3598449.11426467,12102.28518
737,24,0,62,12439.71168,60398.66509,442556.227620410,3598538.55993594,12439.71168
738,24,0,57,12010.09256,85043.23393,442174.347304669,3598675.51206758,12010.09256
739,24,0,56,11570.82295,17924.3489,441652.062962190,3598898.24995337,11570.82295
740,24,0,54,11459.82894,53254.15262,441654.384021828,3599105.99192279,11459.82894
741,24,0,55,11631.80491,67588.03558,441843.987300938,3599068.13840132,11631.80491
742,4,1,17,17821.40063,43837.9333,370244.609873072,3660356.84852167,17821.40063
743,4,1,16,18078.27499,16807.46141,370084.962591636,3660461.46095905,18078.27499
744,4,0,15,18098.25812,14852.61432,370087.757788298,3660625.45975253,18098.25812
745,4,0,13,17976.55958,31401.28448,370226.095085789,3660711.23048507,17976.55958
746,4,1,14,17833.01656,54621.48177,370355.411182490,3660619.47516108,17833.01656
747,4,1,12,17971.28904,25000.01971,370244.307817283,3660907.08296467,17971.28904
748,4,0,11,18135.19997,33650.57701,370096.932720908,3660944.69927485,18135.19997
749,4,1,10,17816.72509,48145.62979,370415.702735262,3660986.68356774,17816.72509
750,4,0,9,17861.29633,27041.73811,370409.238725318,3661228.50277788,17861.29633
751,4,1,8,17931.83332,24710.74527,370378.221524933,3661429.74681285,17931.83332
752,4,1,7,18005.62934,37402.43981,370339.434474250,3661688.95402049,18005.62934
753,4,1,6,25443.69194,22870.22286,362467.773661744,3662199.33833573,25443.69194
754,4,0,5,25358.27271,14549.44861,362474.487951305,3662338.61452262,25358.27271
755,4,1,4,25291.57826,14615.70335,362470.583328741,3662441.05542086,25291.57826
756,4,1,3,25132.3795,36988.48426,362496.543933220,3662581.99585297,25132.3795
757,4,1,2,26368.22739,34043.51131,360351.748822590,3663169.81144385,26368.22739
758,4,0,1,26299.83097,19922.36212,360349.624737504,3663336.69232854,26299.83097
759,35,0,7,16151.44597,45243.20088,373481.515803066,3665314.47196461,16151.44597
760,35,0,6,16024.77267,45703.00979,373481.843447747,3665451.11749803,16024.77267
761,35,0,5,15910.3987,44095.03899,373484.550282653,3665588.43766716,15910.3987
762,35,0,4,15794.83924,37718.8489,373485.548926126,3665723.25762716,15794.83924
763,35,0,3,15678.6033,17659.32608,373578.899588056,3665852.79878297,15678.6033
764,35,0,2,15761.75335,18030.20678,373399.348008867,3665857.87614807,15761.75335
765,35,1,1,15572.81575,35559.15279,373497.712645453,3665971.86982310,15572.81575
766,14,0,9,25842.36838,17704.24373,358403.773930998,3667090.55912225,25842.36838
767,14,1,25,24907.92234,24945.74733,359451.511361382,3667110.16640454,24907.92234
768,14,0,10,25687.77837,27423.50313,358521.046091857,3667169.84335097,25687.77837
769,14,0,7,25905.60069,26114.96951,358261.405294306,3667204.73928776,25905.60069
770,14,0,24,24830.82644,23570.56505,359439.710021463,3667273.07101375,24830.82644
771,14,0,8,25776.34388,26176.09251,358351.976501029,3667309.12082021,25776.34388
772,14,1,26,25013.00427,81372.22907,359215.573387116,3667153.10330970,25013.00427
773,14,0,5,25982.87994,28753.42468,358092.145884019,3667350.37531850,25982.87994
774,14,0,6,25850.46281,27220.84427,358183.087437229,3667445.04395424,25850.46281
775,14,0,27,25272.75679,12231.53401,358879.972767946,3667446.73209033,25272.75679
776,14,0,23,24660.31213,47084.071,359451.107344480,3667474.86807702,24660.31213
777,14,0,2,25861.73276,26137.28389,358073.736770750,3667611.31879062,25861.73276
778,14,0,4,25690.17742,25374.94121,358257.530455822,3667614.17144344,25690.17742
779,14,0,28,25284.72354,19953.40388,358742.160163234,3667633.36563910,25284.72354
780,14,1,1,26074.29338,51012.87667,357874.175587122,3667581.30848303,26074.29338
781,14,0,3,25650.6137,11438.71765,358282.407762185,3667729.27031357,25650.6137
782,14,0,20,24868.94072,34859.23653,359140.978504027,3667687.23806654,24868.94072
783,14,0,21,24739.20789,22577.30848,359327.770087442,3667671.07365368,24739.20789
784,14,0,22,24582.90843,14673.90193,359468.883222177,3667725.84796004,24582.90843
785,14,1,19,24578.38465,42844.3497,359337.830126088,3667893.96447747,24578.38465
786,14,0,17,25027.23294,20340.01537,358880.049259624,3667920.98674398,25027.23294
787,14,0,18,24799.01009,44711.50741,359083.474025341,3667894.92612892,24799.01009
789,14,0,15,24710.60497,42568.88084,359085.440641530,3668081.88338666,24710.60497
790,14,0,14,24935.73784,46730.07074,358819.473477651,3668085.53523226,24935.73784
791,14,0,16,24489.40899,43046.1092,359340.176808905,3668078.12192596,24489.40899
792,14,0,12,24625.66092,23187.41775,359138.040281214,3668248.46301454,24625.66092
793,14,1,13,24358.38425,48403.35296,359356.929130667,3668263.02328508,24358.38425
794,14,0,11,24264.16608,49369.51378,359378.172234286,3668435.28720281,24264.16608
795,28,0,9,24877.5239,35248.96733,358429.991704401,3669074.50383737,24877.5239
796,28,0,8,24708.346,27268.67354,358629.154521460,3669093.55237207,24708.346
797,28,0,10,25072.61883,29058.90626,358216.293815310,3669103.35045203,25072.61883
798,28,0,7,24493.35706,35542.72598,358823.620416811,3669154.48893319,24493.35706
799,28,0,3,24995.7474,24284.52001,358225.028701607,3669292.39195305,24995.7474
800,28,0,4,24883.57392,31596.02952,358382.559068569,3669262.39860161,24883.57392
801,28,0,5,24769.7291,21093.60179,358522.141719700,3669285.83323707,24769.7291
802,28,0,6,24608.09417,16214.34815,358676.904078525,3669310.56213921,24608.09417
803,36,0,9,24335.6888,24070.24957,358460.891904323,3670388.11966679,24335.6888
804,36,0,7,24282.56447,23377.35561,358460.806719441,3670535.23637569,24282.56447
805,36,0,10,24166.23343,29146.51639,358616.031468428,3670461.42730985,24166.23343
806,36,0,8,24451.51296,55843.52665,358264.135896622,3670463.78507149,24451.51296
807,36,0,4,23890.05958,14623.97654,358842.605085565,3670657.82576259,23890.05958
808,36,0,5,24055.74668,16672.68874,358655.293191952,3670661.80710858,24055.74668
809,36,0,6,24207.92413,34132.61467,358457.781971987,3670717.78961329,24207.92413
810,36,0,2,23963.09206,49008.75082,358642.398132234,3670856.37416685,23963.09206
811,36,0,1,24148.94805,25227.15832,358456.836535532,3670912.80109910,24148.94805
812,36,0,3,23785.14554,49863.12565,358834.670819247,3670852.08788884,23785.14554
813,5,0,9,27798.60038,39397.5217,354657.461569403,3670550.91425676,27798.60038
814,5,0,8,27609.62382,38786.92888,354869.979692759,3670679.74828483,27609.62382
816,5,0,7,27722.1593,52290.57684,354644.549472303,3670763.77060702,27722.1593
817,5,0,10,27406.39715,22511.79904,355087.422490844,3670761.24030175,27406.39715
818,5,0,6,27529.58374,21450.1632,354876.330530002,3670936.92995524,27529.58374
819,5,1,5,27646.95197,66803.98726,354619.962004993,3670962.01407290,27646.95197
820,5,0,4,27598.00638,55413.50671,354582.395473637,3671135.67613810,27598.00638
821,5,0,3,27473.19593,45138.15644,354802.319777154,3671256.63853898,27473.19593
822,5,0,2,27225.31583,44735.99799,354997.459438502,3671303.58041600,27225.31583
823,5,0,1,26903.08993,68409.81592,355196.422079789,3671634.38098520,26903.08993
824,26,0,4,25108.26785,21798.95524,356701.104464282,3673176.65630369,25108.26785
825,26,0,5,24857.41336,33361.71956,356929.582555862,3673182.61947061,24857.41336
826,26,0,1,25544.88595,25463.05468,356189.161216642,3673417.47053718,25544.88595
827,26,0,2,25397.45527,25156.63148,356357.409508934,3673400.65323767,25397.45527
828,26,0,3,25266.94231,26482.65919,356494.082291710,3673383.28284338,25266.94231
829,22,1,4,26278.33017,49175.33649,355239.474716516,3674158.75982079,26278.33017
830,22,0,3,26238.67442,62028.37484,355190.375310517,3674392.55248769,26238.67442
831,22,0,1,26195.44897,17202.47018,355271.690366358,3674656.77774929,26195.44897
832,22,0,2,26266.04281,53966.67051,355089.614834561,3674603.13445076,26266.04281
833,12,0,4,27524.32557,21293.50245,353822.227819057,3675298.50170731,27524.32557
834,12,1,5,27425.31147,22150.21633,353922.820001934,3675298.37410305,27425.31147
835,12,0,3,27416.19546,22877.88441,353855.257579905,3675495.03507934,27416.19546
836,12,0,2,27406.33692,23718.19137,353844.145526837,3675625.03701362,27406.33692
837,12,1,7,27203.95753,38231.1231,354060.813731260,3675565.27695949,27203.95753
838,12,0,1,27387.46068,48220.42174,353828.731501275,3675821.82399425,27387.46068
839,12,1,6,27163.38921,45535.58615,354051.350420802,3675822.36153693,27163.38921
840,25,0,11,23089.62785,24506.00285,358513.698420371,3674260.99993180,23089.62785
841,25,0,12,22965.84058,14822.90578,358674.725136446,3674286.01430908,22965.84058
842,25,0,10,23080.25106,44426.37636,358427.010682687,3674416.97866661,23080.25106
843,25,0,9,22436.39757,52744.39723,358903.898876630,3675492.70800201,22436.39757
844,25,0,8,22562.82264,47233.24322,358730.627929118,3675728.65191895,22562.82264
845,25,0,6,22084.61677,27857.10603,359155.076339309,3676091.12582111,22084.61677
846,25,1,7,21914.89351,25261.36498,359322.541789885,3676079.77178211,21914.89351
847,25,0,3,22126.4717,18051.29106,359114.096544641,3676246.10699526,22126.4717
848,25,0,4,21982.54753,19454.80493,359256.920467315,3676246.28748754,21982.54753
849,25,0,5,21833.04279,19441.77485,359403.847690620,3676249.23408754,21833.04279
850,25,0,1,21937.98228,33725.59639,359196.194882910,3676389.47821692,21937.98228
851,25,0,2,21810.55366,12565.58887,359424.479273136,3676389.29994615,21810.55366
852,25,0,0,21930.32102,29670.75596,359185.285788520,3676505.48956200,21930.32102
853,29,0,3,20261.30536,38734.56344,361285.022919986,3674836.54830509,20261.30536
854,29,0,1,20336.50705,14146.60194,361156.893427720,3675036.12166102,20336.50705
855,29,0,2,20168.81915,25453.4912,361382.717232931,3674959.83953821,20168.81915
856,7,0,3,25750.5204,39812.92984,355268.608728253,3677696.54048310,25750.5204
857,7,0,1,25948.81076,30609.08109,355058.062409572,3677798.58942434,25948.81076
858,7,0,2,25741.7235,35421.26228,355230.243246848,3677892.34105093,25741.7235
859,2,0,9,17976.79827,34198.22157,363019.787755122,3681027.35117983,17976.79827
860,2,0,10,17748.84995,37507.88395,363203.906792880,3681021.79303992,17748.84995
861,2,0,7,18062.60089,18564.06624,362982.201634504,3681238.68973454,18062.60089
862,2,0,8,17960.01843,18405.06137,363083.152155016,3681240.85838942,17960.01843
863,2,1,6,17991.05684,39308.84987,363030.456353692,3681455.70442556,17991.05684
864,2,0,4,18624.08224,35009.95453,362480.770592231,3682621.95017095,18624.08224
865,2,0,5,18366.11668,27827.90212,362763.354094695,3682626.04140906,18366.11668
866,2,0,2,18510.13632,17214.09794,362711.584548552,3682785.01653795,18510.13632
867,2,0,1,18638.70869,45887.83503,362490.761354590,3682780.07726202,18638.70869
868,2,0,3,18377.97874,17527.5643,362846.143873956,3682788.46680725,18377.97874
869,1,0,14,18168.35387,39166.91686,449074.161909338,3601335.93016663,18168.35387
870,1,0,13,18146.99226,37178.88371,449074.725088841,3601540.33095581,18146.99226
871,1,1,12,17586.19231,50949.49274,448567.338976288,3601606.71471892,17586.19231
872,1,0,11,18127.30122,33190.46723,449077.436464767,3601730.09918483,18127.30122
873,1,0,10,17880.62768,37740.41469,448840.489237244,3601734.55800063,17880.62768
874,1,1,8,17859.74982,37512.48156,448834.196111609,3601915.13159498,17859.74982
875,1,1,9,18102.34449,33348.9931,449068.561131324,3601912.97668236,18102.34449
876,1,0,6,17840.49393,33045.93411,448807.483945145,3602104.45432872,17840.49393
877,1,0,7,18028.11111,44186.09542,449023.038019494,3602104.63647672,18028.11111
878,1,0,4,18465.67526,35132.08468,449454.351558150,3602135.33771767,18465.67526
879,1,1,5,18011.13932,43761.78954,449017.747989844,3602298.45858930,18011.13932
880,1,0,2,18303.82866,28983.18875,449266.013617864,3602287.67644316,18303.82866
881,1,0,3,18460.18164,34677.7,449457.778594453,3602307.89650791,18460.18164
882,1,0,1,18334.84839,32022.79664,449343.598162517,3602490.46474071,18334.84839
883,1,1,22,21675.00737,60981.17399,452620.611545122,3605366.06875189,21675.00737
884,1,0,21,21502.81867,59909.74229,452433.132741203,3605375.41867129,21502.81867
885,1,0,17,21172.29719,28184.97521,452064.179835251,3605522.98356253,21172.29719
886,1,0,18,21313.80787,21671.73152,452212.551747149,3605581.66753722,21313.80787
887,1,0,20,21703.55598,34574.96007,452616.479748519,3605651.68350865,21703.55598
888,1,0,19,21513.34365,34849.45214,452422.202270522,3605659.06276807,21513.34365
889,1,1,16,21332.09077,47079.87404,452232.714354024,3605800.64446118,21332.09077
890,1,1,15,21196.17705,32039.3705,452060.848279410,3605802.50642600,21196.17705
891,16,0,25,15919.89003,42984.1092,366197.649122845,3673667.37579669,15919.89003
892,16,0,23,15780.41471,8350.707508,366316.699540478,3673885.71371301,15780.41471
893,16,0,24,15687.63817,8532.072647,366420.879765476,3673904.99985978,15687.63817
894,16,0,20,15906.53274,50601.55345,366115.079499272,3673929.92802037,15906.53274
895,16,0,21,15725.44639,25094.00264,366289.049051730,3674010.65276132,15725.44639
896,16,0,22,15564.13058,25733.16494,366474.599865765,3673994.99001045,15564.13058
897,16,0,26,14926.69397,9213.989811,367058.859138383,3674350.22210188,14926.69397
898,16,0,15,15090.73296,13653.4147,366870.657430387,3674352.83359201,15090.73296
899,16,0,16,14990.2501,18993.23436,366966.945400159,3674346.75606910,14990.2501
900,16,1,13,15023.17265,19915.81095,366856.672961640,3674542.35949048,15023.17265
901,16,0,14,14851.78281,30835.05509,367010.293040325,3674534.54614409,14851.78281
902,16,0,27,14996.44065,10224.75047,366850.755986583,3674690.17723225,14996.44065
903,16,0,19,15826.66448,22282.77454,365885.623153257,3674859.12582122,15826.66448
904,16,0,17,15807.60686,22774.37276,365858.383838156,3674992.57738436,15807.60686
905,16,0,18,15618.57822,19172.92462,366051.203913182,3674992.99790718,15618.57822
906,16,0,12,14897.40387,35095.04362,366840.872919419,3674903.12836656,14897.40387
907,16,0,11,15060.67156,30392.60697,366649.049188434,3674966.82268216,15060.67156
908,16,0,4,15266.13713,20771.1734,366384.292241122,3675180.06927034,15266.13713
909,16,0,3,15209.65149,21026.65525,366387.028011386,3675368.23085822,15209.65149
910,16,0,8,14941.9205,46225.9274,366664.874628559,3675270.90976985,14941.9205
911,16,0,7,15068.30487,50265.00335,366525.182064223,3675273.39250186,15068.30487
912,16,0,10,14773.00226,47998.22896,366838.305846118,3675271.60723542,14773.00226
913,16,0,2,15156.32635,19678.74242,366390.564629996,3675560.83623251,15156.32635
914,16,0,1,15105.15245,17998.44326,366397.014455265,3675737.34235702,15105.15245
915,16,0,6,14827.63464,47152.85779,366670.508966304,3675654.60498646,14827.63464
916,16,1,5,14959.66293,49792.31553,366530.482603914,3675654.73854549,14959.66293
917,16,0,9,14663.77328,46127.33254,366843.577708560,3675647.50858688,14663.77328
918,27,0,140,25935.71389,57875.25495,467635.872498683,3583578.11332389,25935.71389
919,27,0,139,26206.4407,41146.3285,467411.196242527,3583623.63695949,26206.4407
920,27,0,138,26393.2033,32116.09278,467230.431493701,3583649.65306189,26393.2033
921,27,1,137,26567.26967,41137.18291,467041.714601362,3583699.40167114,26567.26967
922,27,0,136,26775.59316,14070.29131,466890.950704602,3583718.68152362,26775.59316
923,27,0,134,26881.45779,15377.29411,466807.184903308,3583822.93419355,26881.45779
924,27,0,135,26988.88344,19812.15531,466709.653538796,3583855.18219872,26988.88344
925,27,0,133,26659.47525,37244.22891,466996.446955962,3583880.33540785,26659.47525
926,27,0,132,26479.0533,31932.83112,467235.018837271,3583861.23562058,26479.0533
927,27,0,130,26078.63671,61014.23836,467622.426652545,3583860.46582528,26078.63671
928,27,0,131,26288.70293,56595.93408,467420.061553486,3583884.74557878,26288.70293
929,27,0,129,26231.5681,89025.09233,467545.240390822,3584179.75999653,26231.5681
