OBJECTID,FarmNum,PresAbs,PondNum,PondRoost_Dist,PondArea,PondLong,PondLat
40,27,1,90,27930.46755,38202.90807,464412.5923,3580417.604
41,27,1,89,28072.36804,43533.01976,464316.8037,3580535.995
42,27,0,108,27476.15283,63169.56422,464976.2087,3580564.758
43,27,1,107,27673.73476,67644.83973,464782.3622,3580550
44,27,1,88,28183.64321,40312.59819,464263.6004,3580706.779
45,27,1,109,27152.98747,87165.32192,465264.7371,3580671.067
46,27,0,106,27938.58661,60077.28668,464558.1937,3580768.336
47,27,0,87,28322.88815,37745.9255,464172.3075,3580887.43
48,27,1,110,27246.88016,38902.37369,465277.6509,3580940.716
49,27,0,85,28647.98903,16907.03545,463899.3936,3580990.775
50,27,1,105,28104.18071,41420.61712,464429.0697,3581025.481
51,27,1,86,28463.38042,65524.16646,464050.4072,3581102.302
52,27,0,112,27610.23345,61777.68255,464961.1825,3581168.794
53,27,0,104,27992.09259,66465.62847,464593.9656,3581206.149
54,27,0,111,27439.47206,41803.23967,465184.9359,3581188.756
55,27,1,103,28293.27814,44325.48175,464287.1268,3581242.771
56,27,0,101,28255.75848,25091.45986,464412.2653,3581383.752
57,27,1,68,26699.1892,47029.4063,465990.7761,3581381.068
58,27,1,84,28665.54861,59485.45412,463923.706,3581380.141
59,27,0,102,28013.50271,50015.41694,464672.3196,3581467.085
60,27,0,64,27244.07079,26272.91613,465520.5516,3581533.125
61,27,0,67,26612.33402,39919.03829,466165.7552,3581525.566
62,27,0,66,26852.01816,27945.27749,465958.1864,3581585.874
63,27,0,100,28499.92383,53147.67072,464159.7457,3581505.982
64,27,0,63,27470.68989,13807.10024,465361.6606,3581664.296
65,27,0,61,26871.23191,21816.33805,465952.884,3581708.561
66,27,0,65,27103.45436,48055.16165,465613.7337,3581667.102
67,27,1,83,28868.95594,50440.85644,463811.4177,3581645.127
68,27,0,116,28461.70267,49018.04748,464270.4383,3581685.357
69,27,0,60,27113.40415,34543.41698,465701.4774,3581787.04
70,27,0,99,28709.3227,37203.46644,464010.7775,3581764.625
71,27,1,58,26697.99401,36431.15972,466179.8132,3581777.875
72,27,0,57,26874.60993,36887.75194,465989.2438,3581849.068
73,27,0,115,28420.47466,44047.49329,464400.2314,3581850.75
74,27,0,59,27419.77095,30566.31798,465433.4571,3581890.062
75,27,0,62,27576.21216,31090.92438,465234.066,3581883.568
76,27,0,56,27136.66994,40979.31881,465734.8,3581935.002
77,27,1,82,29073.69815,47408.40642,463690.8888,3581954.293
78,27,0,114,28287.59873,52708.91486,464538.2895,3582046.66
79,27,0,55,27417.05816,39077.54442,465485.9263,3582031.627
80,27,1,80,29426.70402,27113.76648,463385.2147,3582049.094
81,27,0,98,28903.06299,47734.86118,463906.5962,3582055.949
82,27,0,113,28460.95898,33245.57153,464457.7404,3582220.749
83,27,1,54,27685.94277,34661.10523,465209.6789,3582178.368
84,27,0,79,29561.86593,23867.75605,463319.0911,3582244.728
85,27,0,96,28784.97072,12895.17876,464198.5496,3582286.99
86,27,0,81,29275.85744,50441.80687,463555.521,3582229.599
87,27,1,97,28881.49846,64278.5146,464037.8129,3582270.511
88,27,0,93,29094.438,46935.73425,463778.6465,3582333.623
89,27,0,94,29103.56443,28619.2767,463881.6536,3582496.413
90,27,0,53,28082.10724,76200.19703,464923.9705,3582452.885
91,27,0,78,29497.71953,38624.09455,463430.2843,3582472.993
92,27,0,92,29364.63381,42141.54145,463619.4232,3582607.866
93,27,1,95,28866.40891,57146.9536,464137.8291,3582603.124
94,27,0,51,28287.67214,46614.95182,464729.656,3582635.108
95,27,0,52,28083.33415,35397.33766,465007.4623,3582686.827
96,27,1,126,25481.17674,74637.23585,467763.1991,3582872.13
97,27,1,50,28527.18771,47712.7323,464572.9881,3582884.96
98,27,0,127,26034.33792,39185.96112,467257.6504,3582865.796
99,27,1,128,26279.78981,96774.24966,466898.967,3582911.315
100,27,1,91,29384.90271,51702.52741,463759.9696,3582932.348
101,27,1,49,28394.63854,50422.85974,464846.2425,3583128.614
102,27,0,125,25799.69506,79780.17536,467551.2078,3583086.711
103,27,1,48,28112.87918,104951.4298,465160.3891,3583183.373
104,27,0,47,28298.31776,22477.70027,465094.1191,3583391.695
105,27,0,124,26077.09494,66247.06816,467412.4023,3583334.184
106,27,1,29,28982.93314,22560.76242,464363.475,3583445.611
107,27,0,46,28131.469,25342.14828,465300.6181,3583479.49
108,27,1,120,27225.4398,20286.60349,466280.9226,3583484.841
109,27,0,123,26272.92577,58867.04974,467133.1127,3583435.768
112,27,0,30,28689.8573,41835.80189,464711.3216,3583565.422
114,27,1,45,28138.8728,39900.35381,465309.8001,3583641.006
115,27,1,121,26929.88052,92874.24644,466487.7532,3583448.714
116,27,0,122,26868.28028,14248.98917,466760.1181,3583653.573
119,27,1,117,27654.0093,32956.92932,465884.4493,3583717.156
120,27,0,44,28165.24057,45521.83634,465292.5341,3583788.338
121,27,0,118,27416.79958,38934.86333,466149.1608,3583749.165
122,27,0,43,28144.73445,6578.525543,465495.1875,3583863.709
123,27,1,28,28889.73674,65590.8601,464503.3025,3583766.037
124,27,1,119,27064.58014,74786.12478,466467.6269,3583787.044
127,27,0,25,29673.80608,48079.84,463726.4055,3583840.412
130,27,0,42,28274.93263,34856.22371,465278.2175,3583947.862
131,27,0,26,29371.02073,42443.94468,464127.5011,3583942.713
132,27,1,41,28197.26354,31647.99203,465453.7757,3584063.99
133,27,0,27,29140.40638,42686.0736,464417.943,3584089.291
134,27,1,33,28582.99659,67931.23744,464986.9463,3584082.412
135,27,1,39,28432.08488,24877.38404,465249.9682,3584145.533
138,27,0,40,28301.96033,32062.51902,465422.2465,3584269.365
139,27,1,23,29449.34662,76231.1229,464101.0603,3584185.964
140,27,1,22,29245.56961,43579.46015,464379.6963,3584338.742
141,27,0,38,28363.55482,12675.87423,465481.9269,3584454.449
142,27,0,36,28556.25765,31426.68563,465167.6576,3584385.504
143,27,1,32,28762.745,42917.40975,464946.3617,3584400.689
144,27,0,37,28431.68448,36026.90739,465329.8275,3584451.349
145,27,1,16,29926.32277,49091.16456,463717.7556,3584430.923
146,27,1,21,29235.8111,36485.74112,464493.2902,3584484.555
147,27,0,35,28432.51267,18123.20918,465464.2996,3584618.879
148,27,0,34,28577.42708,12875.05792,465340.0235,3584672.783
149,27,1,17,29834.93445,45959.33158,463861.3922,3584657.324
150,27,0,31,28907.60536,27600.89607,464950.584,3584665.792
151,27,0,19,29222.83555,39779.0763,464510.2978,3584667.815
152,27,0,20,29115.33863,39958.6386,464723.9042,3584737.281
153,27,1,18,29578.82317,67159.95216,464174.3416,3584730.701
154,27,0,15,29363.49409,37485.29909,464486.3753,3584844.568
155,27,0,14,29552.48968,19581.51768,464397.4669,3584975.245
156,27,0,142,29003.99234,59202.07391,464875.0278,3584916.177
157,27,0,141,28894.33413,48199.20368,465052.3017,3584949.275
158,27,0,13,29351.94807,37459.80466,464582.5181,3585041.444
159,27,0,12,29679.33354,48781.82207,464299.3586,3585269.757
160,27,1,11,29511.47483,60204.27909,464701.096,3585841.492
161,27,1,9,29092.09811,102146.2785,465170.482,3585846.939
162,27,1,8,29431.43273,42774.26468,464935.8317,3585938.002
163,27,0,10,29866.03613,67131.67004,464458.9814,3585987.455
164,27,1,7,29620.56751,49692.34289,464783.5999,3586078.054
165,27,1,4,29385.72891,46840.31623,465080.2798,3586126.332
166,27,1,6,29819.50867,52783.75546,464629.7539,3586206.872
167,27,0,3,29560.80406,64275.73752,464963.5827,3586305.339
168,27,0,5,30020.81085,52559.91683,464468.183,3586336.339
169,27,1,2,29768.03172,49326.74983,464794.3176,3586420.627
170,27,1,1,29982.9855,49863.38426,464617.2145,3586542.992
171,8,0,13,31835.40813,32721.8044,459655.5814,3589455.485
172,8,0,15,32244.11853,54547.30682,460131.1963,3589470.034
173,8,0,14,31944.13045,56184.33012,459894.8907,3589503.688
174,8,0,12,32129.48931,53597.0348,460124.7616,3589727.934
175,8,0,11,31897.69163,58446.39738,459890.5447,3589745.581
176,8,0,10,31666.71214,55074.82618,459652.3923,3589774.093
177,8,1,9,31701.85701,25473.1617,459759.4281,3590097.067
178,8,0,8,31544.61413,27958.84512,459604.4857,3590122.539
179,8,0,6,31250.72981,29416.44114,459306.9189,3590140.957
180,8,0,7,31368.77247,27173.13531,459456.4484,3590152.979
181,8,0,1,30958.8261,19678.72144,459018.2083,3590211.48
182,8,0,5,31664.45298,23600.12106,459796.8936,3590266.516
183,8,0,4,31484.40258,26565.40105,459631.3466,3590311.771
184,8,0,3,31210.24272,42600.17715,459431.1518,3590364.225
185,8,1,2,30997.99138,44581.508,459218.2906,3590393.98
186,10,0,5,21588.90027,34558.42252,452622.5577,3603049.714
187,10,1,4,21620.01893,29097.11272,452659.5717,3603227.182
188,10,0,2,21209.39788,68376.66201,452274.1929,3603258.654
189,10,0,3,21452.96555,52504.71364,452478.039,3603260.222
190,10,0,6,21493.57042,18107.63377,452496.8572,3603491.598
191,10,1,7,21282.91924,19952.68726,452325.7248,3603498.874
192,10,0,1,20943.19606,52895.9217,451970.1006,3603449.973
193,33,0,24,7830.928476,31211.69122,438728.1767,3602077.33
194,33,0,26,7461.065669,38303.30817,438415.4506,3602152.099
195,33,0,23,7821.102099,35969.06198,438770.7142,3602344.885
196,33,1,25,7234.583551,40425.78775,438206.7174,3602395.626
197,33,1,22,7630.915572,30397.27263,438594.2043,3602472.202
198,33,0,21,7381.930297,31846.33012,438402.1736,3602665.101
199,33,1,20,7937.852048,62728.03278,438982.9675,3603011.76
200,33,0,19,7979.022112,50699.57679,439049.0207,3603244.947
201,33,0,5,10133.45546,18829.38154,441110.0422,3603466.555
202,33,0,18,7835.483719,54234.13642,438866.6195,3603399.201
203,33,0,11,9767.713863,27539.69915,440783.3326,3603486.454
204,33,0,10,9941.580334,39081.8568,440953.9632,3603473.14
205,33,1,12,9554.149929,36161.38895,440607.1559,3603528.58
206,33,0,17,8115.703005,86436.67616,439220.899,3603497.013
207,33,0,4,10028.62269,34656.52207,441061.5776,3603705.584
208,33,1,16,8837.420168,29259.836,439859.3544,3603769.771
209,33,0,9,9536.807341,35678.85919,440622.2921,3603843.863
210,33,0,8,9746.66841,36059.29318,440794.9387,3603872.273
211,33,1,3,9991.87788,39409.63234,441045.1805,3603912.766
212,33,0,15,8914.968188,37774.33406,439956.3628,3603996.428
213,33,0,2,9993.410411,41576.39637,441030.2152,3604115.636
214,33,0,7,9769.233104,40139.52482,440801.734,3604163.537
215,33,0,13,9103.731375,30196.4288,440096.6612,3604265.119
216,33,1,6,9634.91669,23640.0491,440596.6276,3604266.862
217,33,0,14,8856.792663,59206.31496,439880.3578,3604224.097
218,33,1,1,9961.715387,58793.91706,441005.6494,3604320.355
219,24,0,28,6198.173669,22220.12417,437127.9181,3604560.583
220,24,0,26,6207.649267,14959.85396,437083.7178,3604700.957
221,24,0,27,6332.877925,8871.547746,437199.843,3604699.965
222,24,0,25,5923.692281,71406.928,436877.3583,3604631.208
223,24,0,30,6652.318911,55647.99191,437604.4071,3604636.177
224,24,0,29,6382.59825,70622.37995,437364.7121,3604628.513
225,24,1,53,5570.341522,20827.20517,436459.4164,3604749.903
226,24,1,21,5943.901506,16516.9327,436812.6301,3604838.673
227,24,0,22,6127.192868,42575.71386,437044.6082,3604857.891
228,24,0,24,6809.590039,42292.17218,437700.8125,3604903.513
229,24,0,23,6450.576884,83077.16425,437418.4402,3604897.116
230,24,1,16,6039.824957,65597.96891,437018.1057,3605049.329
231,24,0,20,5846.878192,32829.22548,436660.6463,3605012.751
232,24,0,19,6867.580553,72978.15151,437768.8338,3605147.66
233,24,0,18,6565.661057,72236.91272,437454.6014,3605144.79
234,24,1,15,6059.066628,25757.8943,436905.7962,3605149.641
235,24,0,17,6427.795124,15601.95058,437213.4059,3605216.949
236,24,1,52,7520.813052,11234.64367,438342.8373,3605263.439
237,24,1,51,7716.611748,54447.73954,438597.0475,3605335.871
238,24,1,50,8036.080342,61269.07452,438899.9285,3605346.031
239,24,0,49,7943.149344,36750.36002,438764.5409,3605555.146
240,24,1,31,7345.553483,44079.33182,438083.709,3605568.809
241,24,0,47,8266.87075,57740.74387,439050.3541,3605626.502
242,24,0,45,8502.908192,76423.97644,439322.8119,3605612.886
243,24,0,32,7469.324044,87806.08776,438266.6727,3605544.398
244,24,0,34,7703.08943,64251.19443,438477.7277,3605653.184
245,24,0,48,8140.75095,35927.82033,438859.4195,3605761.158
246,24,0,33,7608.846991,48415.34691,438300.7128,3605877.229
247,24,0,44,8577.731282,67880.211,439332.1074,3605891.969
248,24,0,35,7895.203503,64523.33972,438532.2631,3605988.847
249,24,1,46,8342.757767,61194.80517,439074.4272,3605917.725
250,24,0,38,8098.502465,61714.9247,438726.2976,3606045.363
251,24,1,43,8650.591838,63175.61423,439332.1879,3606127.029
252,24,0,36,7943.689589,50119.80203,438467.5428,3606302.254
253,24,0,37,8135.987451,43747.146,438659.5137,3606319.716
254,24,0,39,8382.544724,76514.54147,438928.2914,3606289.745
255,24,0,42,8591.410479,50487.98116,439137.4931,3606393.295
256,24,0,12,6001.306229,18266.43519,436142.5606,3606673.422
257,24,0,41,8632.476261,54571.74627,439121.5697,3606657.158
258,24,0,40,8429.93667,72229.37917,438893.5763,3606664.452
259,24,0,10,5919.664953,46160.36228,435997.4863,3606811.048
260,24,0,9,5690.056987,12865.67683,435630.9319,3606834.199
261,24,0,11,6188.99913,10615.28171,436207.5527,3606834.302
262,24,0,6,5683.71191,88461.46083,435672.6288,3607022.335
263,24,1,14,5188.331015,34139.39864,434852.6667,3607058.788
264,24,1,5,5389.706938,81524.79889,435261.7346,3607056.023
265,24,0,8,6410.133607,18508.95478,436292.2817,3607143.318
266,24,1,7,6076.823324,113478.2509,436088.4486,3607089.285
267,24,0,4,5806.164821,82198.34566,435679.8142,3607216.486
268,24,1,13,5329.593679,54809.12198,434955.3978,3607243.538
269,24,1,3,6154.726667,102429.2305,435863.8004,3607523.762
270,24,1,2,5971.980754,91965.41137,435629.7247,3607541.167
271,24,0,1,6370.230949,43998.3455,435715.6727,3607880.109
272,21,0,54,16485.93549,46749.43037,447063.1552,3608960.064
273,21,0,53,16405.04912,42350.54394,446995.4243,3609152.466
274,21,0,52,15936.37756,92178.03519,446603.8848,3609446.214
275,21,0,50,15581.8811,83377.21594,446357.6021,3609809.059
276,21,0,51,15818.58094,68182.3141,446569.6869,3609865.397
277,21,0,44,16057.58383,25746.34338,446781.9357,3610222.364
278,21,0,30,16963.95208,51975.51954,447772.5733,3610210.166
279,21,0,49,15384.78413,87801.64641,446253.7478,3610189.077
280,21,0,41,17303.96479,54985.94047,448130.4285,3610237.933
281,21,1,48,14939.13159,68400.96216,445848.8015,3610344.401
283,21,0,43,15971.86825,52643.81109,446797.3964,3610448.833
284,21,0,29,16888.93615,49863.17388,447738.9128,3610477.015
285,21,0,46,15770.24862,46552.78913,446571.8726,3610482.003
286,21,0,47,15203.96723,54943.68451,446099.3838,3610534.151
287,21,1,40,17151.96878,59329.22093,448080.4213,3610533.715
288,21,0,45,15542.18016,43681.07321,446510.4917,3610758.246
289,21,0,42,15906.15398,49597.52403,446797.7531,3610711.609
290,21,0,39,17290.04571,75482.05842,448311.2514,3610692.789
291,21,1,28,16815.45212,33249.26879,447722.2511,3610742.334
292,21,0,25,16506.02118,54276.99319,447497.3806,3611018.228
293,21,0,27,16763.31147,36343.90286,447727.3523,3611039.371
294,21,0,38,17182.54087,63932.10367,448298.2742,3611243.11
295,21,0,24,16409.21422,64717.70455,447479.3439,3611325.687
296,21,0,37,16985.62157,32397.34074,448047.6872,3611402.881
297,21,0,26,16692.21496,69404.18886,447786.2016,3611442.122
298,21,0,36,17467.66674,31186.21113,448663.0994,3611704.865
299,21,1,22,16132.42515,62992.96312,447233.9559,3611647.926
300,21,0,23,16324.76257,63610.90843,447453.5198,3611660.551
301,21,0,35,17255.17318,32116.59004,448389.5742,3611755.243
302,21,0,34,17027.2342,34091.59053,448190.4381,3611765.985
303,21,0,33,17198.80471,25616.30371,448399.5066,3611919.439
304,21,0,21,16288.66737,45447.87379,447442.1939,3611962.286
305,21,1,32,17380.85995,36430.78541,448627.7575,3612110.545
306,21,0,19,16165.12182,47959.62716,447392.9781,3612232.186
307,21,0,18,15974.72069,34267.93792,447181.7705,3612276.909
308,21,1,31,16983.88833,70779.1207,448330.6981,3612253.931
309,21,0,20,16308.70438,68532.92119,447619.9191,3612220.119
310,21,1,11,16085.73876,71201.77325,447483.919,3612602.482
311,21,1,17,16673.89669,37322.12601,447923.9056,3612615.126
312,21,0,16,16505.43255,39575.75978,447762.2684,3612616.058
313,21,1,10,16058.97264,84322.65146,447457.7672,3612809.489
314,21,0,14,16479.23404,38375.5662,447767.8531,3612901.261
315,21,1,15,16642.64387,40017.9288,447937.0941,3612911.053
316,21,0,9,16058.55258,80255.56362,447482.2677,3613033.357
317,21,1,13,16617.67905,45999.78562,447958.8058,3613173.686
318,21,0,12,16450.40091,36820.35816,447765.8155,3613181.969
319,21,1,8,16033.15417,75186.57493,447488.0503,3613247.896
320,21,0,6,15911.26789,157492.9933,447469.8643,3613603.106
321,21,0,7,16295.46388,73564.34154,447738.5371,3613691.828
322,21,0,5,15819.61723,106058.0816,447353.5933,3613976.785
323,21,0,4,15788.10585,71800.87783,447258.0397,3614243.063
324,21,1,3,15701.86882,65303.76453,447183.2179,3614520.906
325,21,1,2,16079.58551,84694.57769,447541.3974,3614595.056
326,21,1,1,15766.79404,64120.31486,447278.6404,3614737.726
327,18,0,29,10845.62495,47634.4678,410752.1397,3630460.96
328,18,1,30,10716.36144,36271.276,410589.8992,3630483.994
329,18,1,28,11044.23243,36412.60328,410940.978,3630547.234
330,18,1,27,11103.92282,57479.58128,411009.9647,3630763.997
331,18,0,26,11042.86188,46089.73938,410912.0535,3630952.73
332,18,1,22,11325.69029,74970.80551,411458.2852,3631089.87
333,18,0,25,11267.17599,28977.78541,410989.1916,3631210.789
334,18,0,24,11044.57389,47875.88815,410834.2858,3631171.695
335,18,1,23,10961.32722,39606.8014,410699.3209,3631311.498
336,18,1,21,11345.42557,66692.98883,411451.9995,3631345.563
337,18,1,20,11467.77411,47319.02819,411186.6196,3631410.515
338,18,0,18,11565.96264,11560.05395,411191.7484,3631584.59
339,18,0,11,11173.76634,37831.989,410849.4028,3631573.75
340,18,0,19,11494.44577,27854.47402,411412.2404,3631589.392
341,18,1,17,11046.75576,39621.05613,411829.1277,3631709.375
342,18,0,10,11140.53452,41344.80332,410775.6378,3631741.323
343,18,0,14,11644.12895,14746.22792,411289.0436,3631782.113
344,18,1,15,11461.86867,20573.61855,411466.1695,3631776.419
345,18,0,16,11338.60829,16435.69566,411617.1436,3631768.691
346,18,0,8,11000.64261,53070.05196,410638.575,3631921.317
347,18,0,9,11339.05218,48869.02721,410899.8783,3631979.522
348,18,1,13,11145.78614,56240.92572,411774.3226,3631972.159
349,18,1,12,11375.81176,104506.9914,411278.1755,3631986.438
350,18,0,6,10951.87666,60648.73084,410511.2821,3632092.326
351,18,0,7,11322.84959,51115.44212,410843.7202,3632193.103
352,18,0,3,10912.54833,37321.29536,410356.4978,3632258.127
353,18,0,4,11142.92647,19992.69574,410550.5417,3632272.137
354,18,1,1,10866.00099,30111.24388,410253.9095,3632407.22
355,18,1,2,11110.57238,19250.10308,410458.945,3632404.67
356,18,1,5,11267.43791,32191.57509,410653.1857,3632354.304
357,32,1,2,20453.46464,40294.2684,367725.7055,3664015.934
358,32,1,1,20239.13656,44792.55849,367710.2534,3664313.861
359,19,0,8,19165.90969,14486.48863,366027.8002,3667722.117
360,19,0,7,19216.05092,31272.53876,365791.8643,3667796.003
361,19,0,6,19227.2148,36169.758,365729.1622,3667930.699
362,19,0,5,19003.28839,17053.91471,365506.4476,3668637.172
363,19,0,4,18925.02504,17314.58488,365508.9759,3668767.089
364,19,0,3,18214.28794,47883.24802,365689.0566,3669644.945
365,19,0,2,18152.72485,18790.08314,365722.2304,3669798.293
366,19,0,1,18100.70167,18954.93312,365723.0012,3669899.437
367,20,0,12,26849.93466,47531.99655,357341.9052,3666717.668
368,20,0,11,26953.75994,42610.35939,357206.9241,3666832.732
369,20,0,10,26909.69034,44242.78987,357122.1276,3666969.188
370,20,0,9,26314.72112,42835.19824,357821.2185,3667117.809
371,20,0,8,26421.43402,43793.1805,357644.8883,3667210.504
372,20,0,7,26551.97362,51135.34198,357442.8176,3667286.41
373,20,0,6,26712.03733,49797.87495,357235.9835,3667297.905
374,20,0,5,26206.05355,21627.45274,357635.4763,3667706.923
375,20,0,4,26182.72784,16053.49716,357622.6666,3667819.049
376,20,0,3,26118.27585,22822.76509,357620.7047,3667954.09
377,20,0,2,26058.22665,21422.02639,357621.9269,3668098.937
378,20,0,1,26223.89744,25781.25326,357416.9604,3668103.584
379,30,1,4,27691.47177,35682.77716,353208.342,3679928.676
380,30,0,3,27680.35082,21494.41955,353260.887,3680169.996
381,30,1,2,27806.41757,26727.02068,353085.1267,3680202.262
382,30,0,1,27670.43767,39749.2116,353291.4546,3680431.441
383,9,0,8,16680.56949,17280.85607,368485.1581,3668618.909
384,9,0,7,16823.27498,32197.86893,368222.9009,3668702.059
385,9,0,6,16655.62016,35682.28206,368337.5794,3668827.397
386,9,0,5,16462.43455,39051.87301,368467.6417,3668910.326
387,9,0,9,16801.35455,29438.61197,367950.1626,3669010.593
388,9,0,4,16342.54357,39184.5497,368458.5388,3669138.634
389,9,0,3,16451.8587,25038.6519,368297.6136,3669174.894
390,9,1,1,16413.236,38964.37552,367620.2881,3670062.184
391,9,1,2,16296.44944,44591.95778,367805.5612,3669980.793
392,31,0,15,11904.48928,48711.63208,442902.2451,3603097.218
393,31,0,8,12120.6746,79335.94843,443175.4124,3603231.696
394,31,0,19,12633.34508,20474.27331,443629.1018,3603411.482
395,31,1,14,11888.03851,43258.25854,442889.6702,3603422.196
396,31,0,7,12103.72733,46560.69554,443102.2836,3603506.573
397,31,0,18,12824.45282,13374.58203,443809.4818,3603712.815
398,31,0,17,12338.12806,126123.0048,443504.5658,3603589.515
399,31,0,13,11882.45136,45980.60895,442888.0304,3603720.573
400,31,0,6,12122.77768,28653.00297,443142.2143,3603861.987
401,31,0,12,11883.18652,51493.69565,442924.1157,3603970.534
402,31,0,5,12211.09305,32127.9431,443223.5301,3604066.611
403,31,0,11,12031.879,29001.28758,443022.5354,3604171.987
404,31,0,10,11890.19311,30170.12687,442861.6405,3604194.197
405,31,0,16,12594.74163,109032.3121,443708.6516,3604078.405
406,31,0,4,12312.44365,39241.99741,443324.7358,3604286.711
407,31,0,9,12049.55286,27247.67318,443074.2134,3604345.967
408,31,0,3,12387.86165,40367.11699,443380.5605,3604528.485
409,31,0,2,12458.59891,39675.63669,443430.4172,3604762.666
410,31,0,1,12525.71757,33828.60832,443433.8135,3605043.432
411,6,1,12,8465.741654,47381.79491,438501.5104,3608624.596
412,6,0,11,8307.162557,49851.31292,438414.3086,3608857.737
413,6,0,4,7977.266024,22401.92017,438074.386,3609018.29
414,6,0,10,8373.006235,24911.87837,438526.4022,3609003.996
415,6,0,5,7988.140068,18873.12707,438166.964,3609185.546
416,6,0,3,7870.376674,22522.13911,438060.9116,3609228.24
417,6,0,6,8048.585356,90724.19758,438329.6135,3609195.28
418,6,0,7,8223.545615,12174.47927,438508.7118,3609389.767
419,6,0,1,7839.704675,69796.74728,438202.4067,3609518.109
420,6,0,2,7960.46988,21422.10052,438339.0713,3609648.995
421,23,0,14,19520.49095,44465.09228,450582.0742,3603009.622
422,23,0,16,19944.77546,62546.67718,451014.1356,3603037.201
423,23,0,15,19819.88223,22073.07504,450809.2769,3603026.887
424,23,0,13,19887.81682,41224.02692,450963.2723,3603233.421
425,23,0,4,19051.07545,28897.16811,450049.3606,3603289.236
426,23,0,12,20207.75386,46940.40178,451208.615,3603359.106
427,23,0,11,20062.43866,51839.49672,451073.1626,3603491.319
428,23,0,10,19856.8825,49430.80936,450920.6102,3603477.17
429,23,0,3,19038.14821,46629.43466,450098.1888,3603564.439
430,23,0,8,19981.50877,18872.2381,450999.2511,3603740.921
431,23,0,7,19695.63624,31134.32947,450740.5569,3603653.675
432,23,0,9,20184.42176,24593.8555,451220.939,3603754.147
433,23,0,1,19014.58565,62131.354,450034.0699,3603815.131
434,23,1,2,19195.91031,43408.98185,450190.2952,3603870.09
435,37,1,120,15561.06102,57433.8208,443564.9158,3594066.872
436,37,1,121,15290.16323,53829.05188,443210.5989,3594073.733
437,37,1,122,15021.61157,62192.2794,442871.9591,3594080.617
438,37,1,123,14840.44267,40009.60055,442613.5907,3594110.876
439,37,0,124,14668.44975,35962.55646,442423.4598,3594167.617
440,37,1,125,14480.0944,39904.36171,442229.0885,3594214.898
441,37,0,117,15238.21124,40975.10192,443212.1558,3594247.088
442,37,0,118,15427.07541,60691.78235,443509.6059,3594255.403
443,37,0,119,15693.12812,60074.46724,443841.0861,3594261.452
444,37,1,116,15102.14042,25582.32831,442989.9608,3594267.124
445,37,1,115,15187.88437,37198.0535,443223.7915,3594420.61
446,37,0,95,14314.74098,30202.30632,442221.5149,3594491.452
447,37,0,108,15873.98561,39817.50028,444207.2903,3594548.826
448,37,1,114,15344.84867,46780.35928,443471.6109,3594468.727
449,37,0,113,15431.40209,78815.87234,443692.0035,3594541.616
450,37,1,112,15584.01747,74497.80328,443913.6698,3594540.524
451,37,1,94,14201.70486,35194.32914,442226.892,3594682.537
452,37,1,96,14351.22929,70018.7128,442415.4856,3594588.258
453,37,1,97,14495.18079,77270.72631,442608.5525,3594587.32
454,37,1,98,14653.73118,80821.9413,442809.4126,3594583.058
455,37,1,99,14811.61882,61863.34986,442996.8895,3594618.509
456,37,1,100,14959.65285,39588.43542,443182.71,3594689.64
457,37,0,107,15742.55371,40095.3292,444198.9701,3594755.8
458,37,1,110,15388.34698,20012.94191,443728.8288,3594806.012
459,37,1,90,13928.24646,27033.71099,442016.9497,3594879.315
460,37,0,91,14071.80373,31409.95909,442210.8483,3594881.74
461,37,0,92,14230.59023,31224.85882,442411.3285,3594883.944
462,37,1,93,14391.78253,29980.26889,442609.4239,3594885.314
463,37,1,80,14706.47638,62205.042,443096.1841,3594894.86
464,37,0,111,15475.2408,42766.05868,443906.8744,3594858.907
465,37,1,81,14499.02702,45582.88014,442806.7633,3594924.172
466,37,0,106,15639.96271,52846.60972,444203.0964,3594956.546
467,37,1,103,15832.72437,48281.0768,444446.0281,3594950.751
468,37,0,105,15594.48508,6045.588496,444113.6495,3595076.552
469,37,1,102,16020.58585,46333.91612,444651.1876,3594984.91
470,37,0,82,14277.07863,30684.54111,442601.6207,3595065.553
471,37,1,83,14117.78608,31681.3553,442406.0369,3595068.361
472,37,1,84,13959.61608,31189.75046,442209.4888,3595070.111
473,37,1,78,14917.144,48603.50568,443404.6211,3595034.307
474,37,1,77,15100.5162,46781.58921,443619.4717,3595047.83
475,37,0,104,15669.81246,6653.850915,444237.7176,3595112.968
476,37,1,85,13798.6259,31668.75417,442011.3356,3595072.401
477,37,1,79,14602.8261,59633.9006,443087.1752,3595072.881
478,37,1,86,13631.04394,70075.71685,441816.1815,3594979.504
479,37,1,87,13472.931,71890.17653,441618.9836,3594982.886
480,37,1,88,13317.6012,70203.42516,441420.3368,3594986.596
481,37,1,89,13161.34234,43638.85687,441226.1209,3595056.972
482,37,1,101,16132.19255,70906.55794,444886.5535,3595119.757
483,37,0,71,14326.2464,50441.7637,442817.8728,3595233.414
484,37,0,72,14476.07732,31823.72018,442985.8337,3595271.018
485,37,1,74,14764.55501,48688.35525,443385.3564,3595272.487
486,37,1,76,15173.7282,53356.61427,443853.3204,3595255.484
487,37,1,73,14595.69194,35539.71683,443154.0366,3595276.999
488,37,0,75,14969.412,52482.80331,443626.3897,3595270.779
489,37,1,66,13629.9587,46889.30327,442008.6102,3595308.679
490,37,1,68,13914.9031,53862.83334,442395.2091,3595318.023
491,37,1,69,14071.89277,31233.36779,442557.6788,3595309.841
492,37,1,70,14118.50135,35085.01171,442656.9249,3595375.09
493,37,1,67,13777.17171,55315.19731,442207.7367,3595329.972
494,37,0,65,13890.95971,12239.39469,442423.1902,3595502.765
495,37,1,64,13717.27233,8654.390508,442163.9565,3595509.419
496,37,1,63,13560.17533,15811.37598,441995.1631,3595501.939
497,37,1,61,13233.81469,69104.50688,441607.2884,3595367.187
498,37,1,62,13394.70815,71645.69875,441808.3287,3595366.114
499,37,0,60,13072.08012,69787.94579,441409.3614,3595370.06
500,37,1,59,12928.8298,65408.79174,441219.2964,3595370.857
501,37,1,56,14120.58269,61956.99081,442814.8603,3595577.59
502,37,1,57,14271.31385,40489.87745,442969.9497,3595573.758
503,37,1,58,14355.50491,43483.73046,443101.2992,3595577.76
504,37,1,52,13350.50977,55473.89064,441996.4019,3595727.777
505,37,1,50,12998.5243,61724.2595,441595.6817,3595753.188
506,37,1,48,12699.20198,49018.39838,441213.5566,3595750.827
507,37,1,51,13158.16531,62878.15126,441793.9778,3595750.325
508,37,1,49,12816.21485,65367.2432,441396.4282,3595768.286
509,37,1,53,13500.28203,70041.8199,442197.4408,3595762.049
510,37,1,55,13741.34533,91191.43247,442595.941,3595785.075
511,37,1,54,13560.58452,101868.609,442390.5124,3595839.304
512,37,1,47,13289.56966,53159.88682,442555.1633,3596790.025
513,37,1,46,13215.61676,43191.89733,442552.2366,3597016.848
514,37,1,14,11744.38803,48474.91147,442437.7736,3600527.945
515,37,1,15,12001.34513,49503.37117,442701.76,3600530.906
516,37,0,13,11697.88756,96165.84162,442570.842,3600732.212
517,37,1,12,11665.78562,95664.97406,442576.3571,3600927.676
518,37,0,28,12639.23607,14703.54992,443393.4677,3601017.214
519,37,0,27,12454.13816,16327.21789,443226.1994,3601045.912
520,37,0,26,12230.43567,17617.89559,443029.6105,3601076.967
521,37,1,11,11721.45675,78621.59486,442629.4402,3601125.413
522,37,1,22,12787.44426,34273.03344,443593.6504,3601143.387
523,37,0,10,12119.27983,25250.24851,442933.5988,3601335.629
524,37,1,9,11664.9179,78467.33508,442630.9285,3601325.747
525,37,1,25,12266.13049,39269.10413,443094.8713,3601267.022
526,37,0,21,12784.24498,39865.17044,443626.8956,3601344.143
527,37,0,34,12442.93966,59120.75006,443258.9678,3601281.205
528,37,0,23,12624.29148,57332.99648,443433.3685,3601272.597
529,37,0,18,12365.94992,33033.15502,443260.0552,3601538.936
530,37,1,7,11539.07082,93550.12529,442596.3993,3601524.226
531,37,0,8,12083.90239,40065.74464,442967.8106,3601531.282
532,37,1,17,12389.394,29767.90709,443296.3669,3601693.081
533,37,1,19,12619.91702,53117.56585,443492.4676,3601619.11
534,37,0,20,12797.44997,50961.16794,443671.1736,3601628.433
535,37,1,5,11510.19652,99864.11852,442576.1745,3601720.018
536,37,0,6,12056.19333,52371.6839,442999.0517,3601726.738
537,37,0,4,12201.15444,28248.15555,443112.5596,3601918.608
538,37,1,1,11487.4346,46717.14311,442439.7966,3601916.653
539,37,1,16,12418.77501,28504.215,443324.9804,3601899.619
540,37,0,3,12032.00499,28032.01753,442940.1536,3601918.06
541,37,1,2,11753.41754,48709.99143,442713.3968,3601920.248
542,17,1,115,33343.56079,23669.38362,461364.7415,3587475.208
543,17,1,111,33518.57585,58521.44168,460643.0555,3587557.378
544,17,1,113,33589.81904,75807.7567,460998.3912,3587573.948
545,17,1,110,32353.56616,47730.58003,462526.09,3587694.747
546,17,1,109,32530.61089,60750.34071,462313.8766,3587704.839
547,17,0,108,32733.2188,55430.9527,462101.5032,3587708.503
548,17,0,114,33358.21198,80015.65976,461313.2146,3587720.739
549,17,1,112,33712.58605,51119.32988,460906.5691,3587775.339
550,17,0,103,32253.65256,24925.82331,462735.3258,3587846.474
551,17,1,107,32909.87842,50080.05936,461914.8078,3587783.565
552,17,0,102,32457.44054,24991.16198,462536.2495,3587900.441
553,17,0,106,33165.70071,41048.82157,461718.3571,3587881.327
554,17,1,105,33329.77448,42937.62152,461526.4427,3587887.924
555,17,0,104,33548.80001,24858.90528,461334.0375,3587947.188
556,17,0,101,32640.44157,38356.85733,462325.0888,3587942.589
557,17,1,100,32852.07188,43815.8745,462116.5542,3587982.248
558,17,0,94,33616.02433,35021.45484,460958.6748,3588120.211
559,17,1,95,33758.79226,54122.34615,461138.3117,3588083.839
560,17,1,96,33621.41537,38536.17551,461337.8201,3588133.587
561,17,1,97,33437.58501,43272.45449,461533.908,3588129.956
562,17,0,98,33258.65932,45203.73123,461734.218,3588126.212
563,17,1,67,32890.01524,22464.07161,462258.6909,3588328.853
564,17,0,99,33036.19976,66564.28297,461923.6228,3588120.173
565,17,1,89,33508.55353,39797.48154,460957.4548,3588345.526
566,17,0,90,33681.24089,40053.73895,461149.8132,3588352.188
567,17,0,88,33325.07223,49373.53358,460776.7828,3588316.354
568,17,0,91,33714.58863,40144.74948,461347.9529,3588358.619
569,17,1,68,31750.84855,41199.4992,458959.5129,3588370.911
570,17,0,69,31854.01558,32275.06021,459116.3026,3588416.945
571,17,1,66,32984.63686,31662.30898,462207.1074,3588465.718
572,17,1,93,33360.39062,49972.18215,461740.0835,3588392.273
573,17,0,80,32642.65088,38267.63194,460050.553,3588484.504
574,17,0,70,31993.09259,39715.12134,459304.6222,3588470.989
575,17,1,81,32791.47848,44369.18812,460232.7542,3588497.442
576,17,1,92,33538.02551,66550.51757,461547.1774,3588433.531
577,17,0,82,32948.60822,41189.92219,460406.2181,3588515.322
578,17,1,71,32103.22167,38977.06567,459474.6652,3588542.781
579,17,0,85,33404.78672,43348.41612,460960.5345,3588573.806
580,17,0,83,33082.88731,53461.42502,460575.3796,3588523.082
581,17,0,84,33224.92726,41214.79951,460760.6778,3588579.723
582,17,0,87,33757.00805,38955.37457,461354.6583,3588581.054
583,17,1,65,33044.5985,43581.38597,462237.3702,3588646.36
584,17,0,72,32262.64833,59924.41364,459683.7003,3588553.447
585,17,1,64,33199.73516,43962.49526,462013.4999,3588617.15
586,17,0,73,32401.46332,67738.34062,459866.392,3588575.608
587,17,0,86,33548.59435,55212.1471,461159.7999,3588616.303
588,17,0,74,32543.79053,35419.30511,460045.7645,3588707.322
589,17,0,75,32687.85597,37664.42408,460228.0101,3588740.98
590,17,0,79,33311.10435,32657.26431,460953.9144,3588773.833
591,17,0,76,32834.32917,39512.67355,460408.8567,3588781.077
592,17,0,78,33115.09052,40490.11054,460758.8369,3588809.673
593,17,0,77,32978.511,38972.72651,460580.6027,3588817.963
594,17,0,63,33100.11546,50054.94764,462220.815,3588834.333
595,17,0,62,33358.33632,41142.28311,461986.9787,3588848.573
596,17,1,61,33520.55486,40781.74521,461790.0119,3588845.416
597,17,0,60,33735.65645,30002.16727,461597.9356,3588897.421
598,17,1,59,33649.61337,27991.79021,461405.0594,3588957.899
599,17,1,58,33263.73288,37762.38262,462200.8558,3589045.398
600,17,1,57,33463.12681,41993.34212,461979.6598,3589062.752
601,17,0,56,33654.9637,38143.41605,461778.4993,3589075.241
602,17,0,55,33763.11894,33013.43884,461595.1209,3589093.985
603,17,0,54,33593.7829,28948.66816,461413.2057,3589120.69
604,17,0,53,33395.58029,41610.0157,461185.0162,3589090.442
605,17,1,52,33195.28771,37055.06381,461001.3546,3589138.033
606,17,0,50,33531.93299,47251.9316,461506.3112,3589318.687
607,17,0,51,33792.40542,34464.6281,461770.8041,3589330.234
608,17,0,12,30335.62574,48615.28044,457926.0083,3589345.932
609,17,0,11,30100.89564,53261.30053,457680.374,3589359.734
610,17,0,6,29863.49655,56582.19278,457420.799,3589373.355
611,17,0,2,29570.66053,16236.23979,457120.8933,3589479.726
612,17,1,47,33263.24666,44895.10333,461211.1531,3589412.993
613,17,1,46,33059.30003,52435.36458,461009.4359,3589424.978
614,17,0,45,32852.87844,51268.6308,460789.6641,3589445.512
615,17,1,48,33480.62518,46732.71914,461500.694,3589481.607
616,17,0,49,33718.78693,30520.13678,461752.7623,3589514.36
617,17,0,117,30709.18913,38746.51661,458459.7973,3589540.928
618,17,0,116,30469.95571,30429.32759,458179.9567,3589548.255
619,17,0,118,30978.64528,33395.10235,458732.297,3589537.094
620,17,1,1,29518.98417,18494.84364,457133.0815,3589591.946
621,17,1,44,33418.98459,34766.14262,461477.9003,3589655.212
622,17,1,5,29729.27141,56786.7412,457417.017,3589651.668
623,17,1,43,33158.91685,47683.48141,461217.7474,3589656.484
624,17,1,10,30186.19379,45783.18657,457937.2264,3589685.517
625,17,0,42,32951.60977,46499.5378,460997.2391,3589672.244
626,17,0,41,32742.62696,46160.87484,460776.1884,3589691.419
627,17,1,4,29682.45546,20793.85651,457391.6589,3589811.766
628,17,1,8,29964.92706,45537.94911,457739.1041,3589823.447
629,17,1,3,29615.91125,18302.60368,457348.3237,3589929.068
630,17,0,7,29731.84618,39537.14787,457565.0261,3589905.283
631,17,0,40,33571.93064,28636.57174,461758.6633,3589920.828
632,17,0,39,33295.5393,18963.41573,461437.4065,3589934.971
633,17,0,9,30077.73251,46380.29246,457925.1448,3589915.486
634,17,0,31,32619.38359,44890.99684,460785.0241,3590023.206
635,17,0,32,32817.85854,44579.54868,460997.2277,3590016.652
636,17,0,33,33008.1241,52313.82741,461213.4696,3590006.042
637,17,0,38,33815.02103,22817.48244,462067.2801,3590102.668
638,17,1,37,33677.90097,24892.11995,461929.3041,3590102.937
639,17,0,36,33488.63223,36653.99016,461756.0831,3590103.557
640,17,0,35,33347.65725,27952.93993,461579.1148,3590105.309
641,17,0,34,33191.48921,28461.09058,461415.9815,3590108.245
642,17,1,23,32524.26108,46099.70711,460778.2322,3590251.568
643,17,0,25,32904.48873,43187.82542,461192.5234,3590250.568
644,17,1,24,32714.25017,43191.21386,460984.1132,3590251.454
645,17,0,26,33112.43396,24963.37943,461405.4378,3590288.399
646,17,0,30,33753.54458,23192.88117,462084.8264,3590293.145
647,17,0,29,33602.24305,25597.93415,461934.5544,3590294.42
648,17,0,28,33413.92813,33895.48081,461753.2676,3590295.026
649,17,0,27,33271.89107,25831.57104,461576.8243,3590296.918
650,17,1,22,33688.86468,26374.99294,462100.4884,3590477.37
651,17,0,21,33531.98038,26797.80112,461938.207,3590477.092
652,17,0,20,33343.56362,32464.53642,461751.1745,3590478.753
653,17,1,18,33092.90747,16771.58893,461444.3244,3590479.799
654,17,0,19,33198.80448,25764.27096,461573.5306,3590479.27
655,17,0,14,33114.25619,29305.26694,461571.266,3590676.769
656,17,0,13,32976.04047,25961.64484,461426.0591,3590681.929
657,17,1,17,33606.72664,20883.3993,462087.7562,3590650.078
658,17,1,15,33260.2551,38853.52295,461749.9691,3590675.151
659,17,0,16,33446.51205,34725.90636,461939.4505,3590675.361
660,34,0,13,6742.011007,28795.21202,416802.4728,3628558.024
661,34,0,12,6746.560055,32805.06556,416710.2107,3628749.307
662,34,0,10,6811.700106,16780.9983,416554.0341,3628872.252
663,34,1,11,6583.332344,26547.53477,416834.9891,3628856.575
664,34,0,9,6989.090981,8281.653081,416422.0872,3628933.273
665,34,0,8,7016.223167,33744.99956,416288.6183,3629043.715
666,34,0,7,7232.427553,21802.27408,416106.3532,3629059.6
667,34,0,6,7123.514231,9602.414583,416172.8892,3629156.587
668,34,0,4,6657.123909,54338.18934,416568.855,3629115.843
669,34,0,5,7211.867115,13477.33476,416051.4798,3629264.411
670,34,1,2,6672.948041,53567.96909,416491.6265,3629355.786
671,34,0,3,6900.394381,64828.01901,416239.0148,3629336.448
672,34,0,1,6326.576884,61423.90177,416838.7375,3629436.4
673,11,0,27,11442.88943,43177.84351,410970.3787,3624908.026
674,11,0,25,11225.03118,48751.90393,410798.5683,3625048.744
675,11,1,26,11393.31671,34510.61547,410978.7717,3625122.865
676,11,0,24,11371.37051,31366.81765,410997.9874,3625381.045
677,11,0,23,11131.27434,52739.75211,410793.8452,3625391.258
678,11,1,22,11205.58085,48519.58208,410968.0799,3625692.293
679,11,0,21,10989.60869,52769.25284,410797.2456,3625816.647
680,11,1,20,11050.21195,82383.18869,410921.5984,3626173.361
681,11,0,17,11238.70042,24403.57528,411169.6223,3626594.141
682,11,0,19,10839.97849,36964.79364,410747.0394,3626574.397
683,11,1,18,11004.84312,53198.95413,410961.556,3626577.147
684,11,0,16,11055.34631,38600.42868,411045.0173,3626761.385
685,11,0,10,10775.91854,29971.09237,410740.5564,3626922.415
686,11,1,15,11581.37636,56158.59994,411578.2215,3626917.109
687,11,1,13,11148.36136,50589.21567,411117.3409,3627017.211
688,11,0,14,11263.79987,93576.53565,411312.8586,3626998.007
689,11,0,9,10725.8779,39980.60256,410716.9555,3627162.055
690,11,0,11,11105.09041,54310.26647,411165.3076,3627356.517
691,11,0,12,11365.16131,51306.53181,411413.8399,3627349.561
692,11,0,8,10692.75301,33140.84408,410705.2646,3627416.467
693,11,1,7,10661.16675,33544.2121,410694.8436,3627668.06
694,11,0,3,10951.90573,52387.72973,411068.8328,3627741.101
695,11,0,6,11392.42063,55861.33166,411508.9825,3627816.532
696,11,1,5,11273.99011,38277.76733,411422.2678,3628018.112
697,11,1,2,10763.70388,83010.58758,410951.4741,3627998.438
698,11,1,4,11202.10257,65464.8343,411334.5666,3628265.976
699,11,0,1,10666.24141,68704.36784,410815.0761,3628263.468
701,3,0,7,23166.12426,27546.18064,364673.9081,3663176.927
702,3,1,6,23038.70404,24460.5092,364866.2826,3663179.853
703,3,0,5,22928.47544,21585.91268,365033.0608,3663184.727
704,3,0,22,22785.91743,30271.03041,365207.4861,3663192.227
705,3,1,4,22793.82438,27196.37176,365023.3523,3663365.696
706,3,0,21,22676.49774,29948.28301,365189.155,3663369.35
707,3,1,3,22642.2989,36898.46967,365081.2653,3663550.578
708,3,0,2,22736.6963,28881.06555,364887.8894,3663570.547
709,3,0,1,22845.7774,32286.93614,364701.7181,3663602.891
710,3,0,19,21925.29923,39786.69797,365787.9283,3663795.911
711,3,1,20,21769.68825,42355.20454,366030.7395,3663791.147
712,3,0,17,22115.65942,36170.37912,365265.5533,3664052.165
713,3,0,18,21821.95523,45304.80779,365777.2896,3663997.524
714,3,0,16,22279.55116,27010.43662,365045.5139,3664071.874
715,15,0,13,36195.16194,38532.28899,468252.5305,3600976.412
716,15,0,12,36392.48249,26607.28887,468258.0592,3601195.717
717,15,0,14,36062.33939,78235.22977,468443.2911,3601057.505
718,15,0,11,36125.53577,46182.12148,468827.1261,3601369.636
719,15,0,10,36261.79959,46103.44695,468632.42,3601384.368
720,15,0,9,36615.25218,56727.36184,468391.6728,3601647.797
721,15,0,8,36696.49234,19525.38839,468634.7696,3601907.96
722,15,0,7,37155.07532,23415.88757,468307.0388,3602210.094
723,15,0,6,37045.60189,26187.05623,468489.6164,3602217.568
724,15,0,5,37237.835,23633.8097,468329.3336,3602344.519
725,15,0,4,37142.14878,40798.74366,468537.3091,3602435.898
726,15,0,3,37338.49532,29986.94185,468371.1585,3602522.562
727,15,0,2,37318.50048,41215.82031,468590.6738,3602681.245
728,15,0,1,37401.92752,32625.78952,468419.7322,3602716.481
729,13,0,4,19690.64499,37422.54779,447880.2171,3593254.99
730,13,0,2,19335.91062,30238.42457,447423.9542,3593271.814
731,13,0,3,19419.90812,32489.10743,447583.4453,3593308.881
732,13,0,1,19086.83858,50362.00111,447271.9031,3593354.041
733,24,0,61,12654.90469,77331.14119,442527.6387,3598000.162
734,24,0,59,12185.5304,42722.55213,442089.6436,3598249.548
735,24,0,60,12532.43525,73687.96148,442589.3858,3598326.538
736,24,0,58,12102.28518,85766.82231,442174.6319,3598449.114
737,24,0,62,12439.71168,60398.66509,442556.2276,3598538.56
738,24,0,57,12010.09256,85043.23393,442174.3473,3598675.512
739,24,0,56,11570.82295,17924.3489,441652.063,3598898.25
740,24,0,54,11459.82894,53254.15262,441654.384,3599105.992
741,24,0,55,11631.80491,67588.03558,441843.9873,3599068.138
742,4,1,17,17821.40063,43837.9333,370244.6099,3660356.849
743,4,1,16,18078.27499,16807.46141,370084.9626,3660461.461
744,4,0,15,18098.25812,14852.61432,370087.7578,3660625.46
745,4,0,13,17976.55958,31401.28448,370226.0951,3660711.23
746,4,1,14,17833.01656,54621.48177,370355.4112,3660619.475
747,4,1,12,17971.28904,25000.01971,370244.3078,3660907.083
748,4,0,11,18135.19997,33650.57701,370096.9327,3660944.699
749,4,1,10,17816.72509,48145.62979,370415.7027,3660986.684
750,4,0,9,17861.29633,27041.73811,370409.2387,3661228.503
751,4,1,8,17931.83332,24710.74527,370378.2215,3661429.747
752,4,1,7,18005.62934,37402.43981,370339.4345,3661688.954
753,4,1,6,25443.69194,22870.22286,362467.7737,3662199.338
754,4,0,5,25358.27271,14549.44861,362474.488,3662338.615
755,4,1,4,25291.57826,14615.70335,362470.5833,3662441.055
756,4,1,3,25132.3795,36988.48426,362496.5439,3662581.996
757,4,1,2,26368.22739,34043.51131,360351.7488,3663169.811
758,4,0,1,26299.83097,19922.36212,360349.6247,3663336.692
759,35,0,7,16151.44597,45243.20088,373481.5158,3665314.472
760,35,0,6,16024.77267,45703.00979,373481.8434,3665451.117
761,35,0,5,15910.3987,44095.03899,373484.5503,3665588.438
762,35,0,4,15794.83924,37718.8489,373485.5489,3665723.258
763,35,0,3,15678.6033,17659.32608,373578.8996,3665852.799
764,35,0,2,15761.75335,18030.20678,373399.348,3665857.876
765,35,1,1,15572.81575,35559.15279,373497.7126,3665971.87
766,14,0,9,25842.36838,17704.24373,358403.7739,3667090.559
767,14,1,25,24907.92234,24945.74733,359451.5114,3667110.166
768,14,0,10,25687.77837,27423.50313,358521.0461,3667169.843
769,14,0,7,25905.60069,26114.96951,358261.4053,3667204.739
770,14,0,24,24830.82644,23570.56505,359439.71,3667273.071
771,14,0,8,25776.34388,26176.09251,358351.9765,3667309.121
772,14,1,26,25013.00427,81372.22907,359215.5734,3667153.103
773,14,0,5,25982.87994,28753.42468,358092.1459,3667350.375
774,14,0,6,25850.46281,27220.84427,358183.0874,3667445.044
775,14,0,27,25272.75679,12231.53401,358879.9728,3667446.732
776,14,0,23,24660.31213,47084.071,359451.1073,3667474.868
777,14,0,2,25861.73276,26137.28389,358073.7368,3667611.319
778,14,0,4,25690.17742,25374.94121,358257.5305,3667614.171
779,14,0,28,25284.72354,19953.40388,358742.1602,3667633.366
780,14,1,1,26074.29338,51012.87667,357874.1756,3667581.308
781,14,0,3,25650.6137,11438.71765,358282.4078,3667729.27
782,14,0,20,24868.94072,34859.23653,359140.9785,3667687.238
783,14,0,21,24739.20789,22577.30848,359327.7701,3667671.074
784,14,0,22,24582.90843,14673.90193,359468.8832,3667725.848
785,14,1,19,24578.38465,42844.3497,359337.8301,3667893.964
786,14,0,17,25027.23294,20340.01537,358880.0493,3667920.987
787,14,0,18,24799.01009,44711.50741,359083.474,3667894.926
789,14,0,15,24710.60497,42568.88084,359085.4406,3668081.883
790,14,0,14,24935.73784,46730.07074,358819.4735,3668085.535
791,14,0,16,24489.40899,43046.1092,359340.1768,3668078.122
792,14,0,12,24625.66092,23187.41775,359138.0403,3668248.463
793,14,1,13,24358.38425,48403.35296,359356.9291,3668263.023
794,14,0,11,24264.16608,49369.51378,359378.1722,3668435.287
795,28,0,9,24877.5239,35248.96733,358429.9917,3669074.504
796,28,0,8,24708.346,27268.67354,358629.1545,3669093.552
797,28,0,10,25072.61883,29058.90626,358216.2938,3669103.35
798,28,0,7,24493.35706,35542.72598,358823.6204,3669154.489
799,28,0,3,24995.7474,24284.52001,358225.0287,3669292.392
800,28,0,4,24883.57392,31596.02952,358382.5591,3669262.399
801,28,0,5,24769.7291,21093.60179,358522.1417,3669285.833
802,28,0,6,24608.09417,16214.34815,358676.9041,3669310.562
803,36,0,9,24335.6888,24070.24957,358460.8919,3670388.12
804,36,0,7,24282.56447,23377.35561,358460.8067,3670535.236
805,36,0,10,24166.23343,29146.51639,358616.0315,3670461.427
806,36,0,8,24451.51296,55843.52665,358264.1359,3670463.785
807,36,0,4,23890.05958,14623.97654,358842.6051,3670657.826
808,36,0,5,24055.74668,16672.68874,358655.2932,3670661.807
809,36,0,6,24207.92413,34132.61467,358457.782,3670717.79
810,36,0,2,23963.09206,49008.75082,358642.3981,3670856.374
811,36,0,1,24148.94805,25227.15832,358456.8365,3670912.801
812,36,0,3,23785.14554,49863.12565,358834.6708,3670852.088
813,5,0,9,27798.60038,39397.5217,354657.4616,3670550.914
814,5,0,8,27609.62382,38786.92888,354869.9797,3670679.748
816,5,0,7,27722.1593,52290.57684,354644.5495,3670763.771
817,5,0,10,27406.39715,22511.79904,355087.4225,3670761.24
818,5,0,6,27529.58374,21450.1632,354876.3305,3670936.93
819,5,1,5,27646.95197,66803.98726,354619.962,3670962.014
820,5,0,4,27598.00638,55413.50671,354582.3955,3671135.676
821,5,0,3,27473.19593,45138.15644,354802.3198,3671256.639
822,5,0,2,27225.31583,44735.99799,354997.4594,3671303.58
823,5,0,1,26903.08993,68409.81592,355196.4221,3671634.381
824,26,0,4,25108.26785,21798.95524,356701.1045,3673176.656
825,26,0,5,24857.41336,33361.71956,356929.5826,3673182.619
826,26,0,1,25544.88595,25463.05468,356189.1612,3673417.471
827,26,0,2,25397.45527,25156.63148,356357.4095,3673400.653
828,26,0,3,25266.94231,26482.65919,356494.0823,3673383.283
829,22,1,4,26278.33017,49175.33649,355239.4747,3674158.76
830,22,0,3,26238.67442,62028.37484,355190.3753,3674392.552
831,22,0,1,26195.44897,17202.47018,355271.6904,3674656.778
832,22,0,2,26266.04281,53966.67051,355089.6148,3674603.134
833,12,0,4,27524.32557,21293.50245,353822.2278,3675298.502
834,12,1,5,27425.31147,22150.21633,353922.82,3675298.374
835,12,0,3,27416.19546,22877.88441,353855.2576,3675495.035
836,12,0,2,27406.33692,23718.19137,353844.1455,3675625.037
837,12,1,7,27203.95753,38231.1231,354060.8137,3675565.277
838,12,0,1,27387.46068,48220.42174,353828.7315,3675821.824
839,12,1,6,27163.38921,45535.58615,354051.3504,3675822.362
840,25,0,11,23089.62785,24506.00285,358513.6984,3674261
841,25,0,12,22965.84058,14822.90578,358674.7251,3674286.014
842,25,0,10,23080.25106,44426.37636,358427.0107,3674416.979
843,25,0,9,22436.39757,52744.39723,358903.8989,3675492.708
844,25,0,8,22562.82264,47233.24322,358730.6279,3675728.652
845,25,0,6,22084.61677,27857.10603,359155.0763,3676091.126
846,25,1,7,21914.89351,25261.36498,359322.5418,3676079.772
847,25,0,3,22126.4717,18051.29106,359114.0965,3676246.107
848,25,0,4,21982.54753,19454.80493,359256.9205,3676246.287
849,25,0,5,21833.04279,19441.77485,359403.8477,3676249.234
850,25,0,1,21937.98228,33725.59639,359196.1949,3676389.478
851,25,0,2,21810.55366,12565.58887,359424.4793,3676389.3
852,25,0,0,21930.32102,29670.75596,359185.2858,3676505.49
853,29,0,3,20261.30536,38734.56344,361285.0229,3674836.548
854,29,0,1,20336.50705,14146.60194,361156.8934,3675036.122
855,29,0,2,20168.81915,25453.4912,361382.7172,3674959.84
856,7,0,3,25750.5204,39812.92984,355268.6087,3677696.54
857,7,0,1,25948.81076,30609.08109,355058.0624,3677798.589
858,7,0,2,25741.7235,35421.26228,355230.2432,3677892.341
859,2,0,9,17976.79827,34198.22157,363019.7878,3681027.351
860,2,0,10,17748.84995,37507.88395,363203.9068,3681021.793
861,2,0,7,18062.60089,18564.06624,362982.2016,3681238.69
862,2,0,8,17960.01843,18405.06137,363083.1522,3681240.858
863,2,1,6,17991.05684,39308.84987,363030.4564,3681455.704
864,2,0,4,18624.08224,35009.95453,362480.7706,3682621.95
865,2,0,5,18366.11668,27827.90212,362763.3541,3682626.041
866,2,0,2,18510.13632,17214.09794,362711.5845,3682785.017
867,2,0,1,18638.70869,45887.83503,362490.7614,3682780.077
868,2,0,3,18377.97874,17527.5643,362846.1439,3682788.467
869,1,0,14,18168.35387,39166.91686,449074.1619,3601335.93
870,1,0,13,18146.99226,37178.88371,449074.7251,3601540.331
871,1,1,12,17586.19231,50949.49274,448567.339,3601606.715
872,1,0,11,18127.30122,33190.46723,449077.4365,3601730.099
873,1,0,10,17880.62768,37740.41469,448840.4892,3601734.558
874,1,1,8,17859.74982,37512.48156,448834.1961,3601915.132
875,1,1,9,18102.34449,33348.9931,449068.5611,3601912.977
876,1,0,6,17840.49393,33045.93411,448807.4839,3602104.454
877,1,0,7,18028.11111,44186.09542,449023.038,3602104.636
878,1,0,4,18465.67526,35132.08468,449454.3516,3602135.338
879,1,1,5,18011.13932,43761.78954,449017.748,3602298.459
880,1,0,2,18303.82866,28983.18875,449266.0136,3602287.676
881,1,0,3,18460.18164,34677.7,449457.7786,3602307.897
882,1,0,1,18334.84839,32022.79664,449343.5982,3602490.465
883,1,1,22,21675.00737,60981.17399,452620.6115,3605366.069
884,1,0,21,21502.81867,59909.74229,452433.1327,3605375.419
885,1,0,17,21172.29719,28184.97521,452064.1798,3605522.984
886,1,0,18,21313.80787,21671.73152,452212.5517,3605581.668
887,1,0,20,21703.55598,34574.96007,452616.4797,3605651.684
888,1,0,19,21513.34365,34849.45214,452422.2023,3605659.063
889,1,1,16,21332.09077,47079.87404,452232.7144,3605800.644
890,1,1,15,21196.17705,32039.3705,452060.8483,3605802.506
891,16,0,25,15919.89003,42984.1092,366197.6491,3673667.376
892,16,0,23,15780.41471,8350.707508,366316.6995,3673885.714
893,16,0,24,15687.63817,8532.072647,366420.8798,3673905
894,16,0,20,15906.53274,50601.55345,366115.0795,3673929.928
895,16,0,21,15725.44639,25094.00264,366289.0491,3674010.653
896,16,0,22,15564.13058,25733.16494,366474.5999,3673994.99
897,16,0,26,14926.69397,9213.989811,367058.8591,3674350.222
898,16,0,15,15090.73296,13653.4147,366870.6574,3674352.834
899,16,0,16,14990.2501,18993.23436,366966.9454,3674346.756
900,16,1,13,15023.17265,19915.81095,366856.673,3674542.359
901,16,0,14,14851.78281,30835.05509,367010.293,3674534.546
902,16,0,27,14996.44065,10224.75047,366850.756,3674690.177
903,16,0,19,15826.66448,22282.77454,365885.6232,3674859.126
904,16,0,17,15807.60686,22774.37276,365858.3838,3674992.577
905,16,0,18,15618.57822,19172.92462,366051.2039,3674992.998
906,16,0,12,14897.40387,35095.04362,366840.8729,3674903.128
907,16,0,11,15060.67156,30392.60697,366649.0492,3674966.823
908,16,0,4,15266.13713,20771.1734,366384.2922,3675180.069
909,16,0,3,15209.65149,21026.65525,366387.028,3675368.231
910,16,0,8,14941.9205,46225.9274,366664.8746,3675270.91
911,16,0,7,15068.30487,50265.00335,366525.1821,3675273.393
912,16,0,10,14773.00226,47998.22896,366838.3058,3675271.607
913,16,0,2,15156.32635,19678.74242,366390.5646,3675560.836
914,16,0,1,15105.15245,17998.44326,366397.0145,3675737.342
915,16,0,6,14827.63464,47152.85779,366670.509,3675654.605
916,16,1,5,14959.66293,49792.31553,366530.4826,3675654.739
917,16,0,9,14663.77328,46127.33254,366843.5777,3675647.509
918,27,0,140,25935.71389,57875.25495,467635.8725,3583578.113
919,27,0,139,26206.4407,41146.3285,467411.1962,3583623.637
920,27,0,138,26393.2033,32116.09278,467230.4315,3583649.653
921,27,1,137,26567.26967,41137.18291,467041.7146,3583699.402
922,27,0,136,26775.59316,14070.29131,466890.9507,3583718.682
923,27,0,134,26881.45779,15377.29411,466807.1849,3583822.934
924,27,0,135,26988.88344,19812.15531,466709.6535,3583855.182
925,27,0,133,26659.47525,37244.22891,466996.447,3583880.335
926,27,0,132,26479.0533,31932.83112,467235.0188,3583861.236
927,27,0,130,26078.63671,61014.23836,467622.4267,3583860.466
928,27,0,131,26288.70293,56595.93408,467420.0616,3583884.746
929,27,0,129,26231.5681,89025.09233,467545.2404,3584179.76
