OBJECTID,FarmNum,PondArea,PresAbs,PondNum,ShapeArea,PondLong,PondLat
40,27,38.20290807,1,90,0.038202908,464412.592253599,3580417.60415537
41,27,43.53301976,1,89,0.04353302,464316.803737153,3580535.99513693
42,27,63.16956422,0,108,0.063169564,464976.208661448,3580564.75797123
43,27,67.64483973,1,107,0.06764484,464782.362225745,3580549.99980485
44,27,40.31259819,1,88,0.040312598,464263.600422877,3580706.77853622
45,27,87.16532192,1,109,0.087165322,465264.737067270,3580671.06712839
46,27,60.07728668,0,106,0.060077287,464558.193748961,3580768.33642169
47,27,37.7459255,0,87,0.037745926,464172.307458814,3580887.43027492
48,27,38.90237369,1,110,0.038902374,465277.650861531,3580940.71553356
49,27,16.90703545,0,85,0.016907035,463899.393597385,3580990.77452757
50,27,41.42061712,1,105,0.041420617,464429.069674796,3581025.48127505
51,27,65.52416646,1,86,0.065524166,464050.407224049,3581102.30208489
52,27,61.77768255,0,112,0.061777683,464961.182496455,3581168.79356663
53,27,66.46562847,0,104,0.066465628,464593.965634198,3581206.14932106
54,27,41.80323967,0,111,0.04180324,465184.935938087,3581188.75582508
55,27,44.32548175,1,103,0.044325482,464287.126823527,3581242.77063962
56,27,25.09145986,0,101,0.02509146,464412.265339130,3581383.75154145
57,27,47.0294063,1,68,0.047029406,465990.776086508,3581381.06786789
58,27,59.48545412,1,84,0.059485454,463923.706045964,3581380.14114970
59,27,50.01541694,0,102,0.050015417,464672.319643050,3581467.08462090
60,27,26.27291613,0,64,0.026272916,465520.551564296,3581533.12472557
61,27,39.91903829,0,67,0.039919038,466165.755164588,3581525.56633002
62,27,27.94527749,0,66,0.027945277,465958.186366380,3581585.87398039
63,27,53.14767072,0,100,0.053147671,464159.745717062,3581505.98208013
64,27,13.80710024,0,63,0.0138071,465361.660644504,3581664.29648316
65,27,21.81633805,0,61,0.021816338,465952.884030071,3581708.56100319
66,27,48.05516165,0,65,0.048055162,465613.733702270,3581667.10239028
67,27,50.44085644,1,83,0.050440856,463811.417707496,3581645.12711736
68,27,49.01804748,0,116,0.049018047,464270.438251726,3581685.35691779
69,27,34.54341698,0,60,0.034543417,465701.477357526,3581787.03992905
70,27,37.20346644,0,99,0.037203466,464010.777479742,3581764.62480234
71,27,36.43115972,1,58,0.03643116,466179.813162548,3581777.87545276
72,27,36.88775194,0,57,0.036887752,465989.243796871,3581849.06817984
73,27,44.04749329,0,115,0.044047493,464400.231381061,3581850.74979030
74,27,30.56631798,0,59,0.030566318,465433.457115030,3581890.06154843
75,27,31.09092438,0,62,0.031090924,465234.065971831,3581883.56782856
76,27,40.97931881,0,56,0.040979319,465734.799969829,3581935.00151319
77,27,47.40840642,1,82,0.047408406,463690.888772086,3581954.29302491
78,27,52.70891486,0,114,0.052708915,464538.289504012,3582046.66003861
79,27,39.07754442,0,55,0.039077544,465485.926312036,3582031.62652864
80,27,27.11376648,1,80,0.027113766,463385.214671933,3582049.09436203
81,27,47.73486118,0,98,0.047734861,463906.596210222,3582055.94927124
82,27,33.24557153,0,113,0.033245572,464457.740392919,3582220.74908595
83,27,34.66110523,1,54,0.034661105,465209.678863391,3582178.36754867
84,27,23.86775605,0,79,0.023867756,463319.091123925,3582244.72766506
85,27,12.89517876,0,96,0.012895179,464198.549593581,3582286.99024977
86,27,50.44180687,0,81,0.050441807,463555.521003929,3582229.59857745
87,27,64.2785146,1,97,0.064278515,464037.812935692,3582270.51097088
88,27,46.93573425,0,93,0.046935734,463778.646549027,3582333.62281459
89,27,28.6192767,0,94,0.028619277,463881.653582682,3582496.41275854
90,27,76.20019703,0,53,0.076200197,464923.970519347,3582452.88480168
91,27,38.62409455,0,78,0.038624095,463430.284259644,3582472.99295348
92,27,42.14154145,0,92,0.042141541,463619.423216674,3582607.86571933
93,27,57.1469536,1,95,0.057146954,464137.829054541,3582603.12428005
94,27,46.61495182,0,51,0.046614952,464729.656021915,3582635.10792461
95,27,35.39733766,0,52,0.035397338,465007.462331140,3582686.82743956
96,27,74.63723585,1,126,0.074637236,467763.199111444,3582872.13029095
97,27,47.7127323,1,50,0.047712732,464572.988111741,3582884.96007308
98,27,39.18596112,0,127,0.039185961,467257.650412205,3582865.79613980
99,27,96.77424966,1,128,0.09677425,466898.966979784,3582911.31543817
100,27,51.70252741,1,91,0.051702527,463759.969595722,3582932.34774451
101,27,50.42285974,1,49,0.05042286,464846.242542184,3583128.61374137
102,27,79.78017536,0,125,0.079780175,467551.207755031,3583086.71097721
103,27,104.9514298,1,48,0.10495143,465160.389098576,3583183.37339076
104,27,22.47770027,0,47,0.0224777,465094.119057197,3583391.69529754
105,27,66.24706816,0,124,0.066247068,467412.402316418,3583334.18407348
106,27,22.56076242,1,29,0.022560762,464363.475045095,3583445.61062414
107,27,25.34214828,0,46,0.025342148,465300.618071790,3583479.49039545
108,27,20.28660349,1,120,0.020286603,466280.922622917,3583484.84128728
109,27,58.86704974,0,123,0.05886705,467133.112690082,3583435.76793002
112,27,41.83580189,0,30,0.041835802,464711.321627226,3583565.42215657
114,27,39.90035381,1,45,0.039900354,465309.800125833,3583641.00589094
115,27,92.87424644,1,121,0.092874246,466487.753234826,3583448.71436553
116,27,14.24898917,0,122,0.014248989,466760.118111786,3583653.57328555
119,27,32.95692932,1,117,0.032956929,465884.449341317,3583717.15648678
120,27,45.52183634,0,44,0.045521836,465292.534077985,3583788.33817891
121,27,38.93486333,0,118,0.038934863,466149.160809172,3583749.16539078
122,27,6.578525543,0,43,0.006578526,465495.187530767,3583863.70890804
123,27,65.5908601,1,28,0.06559086,464503.302470384,3583766.03675733
124,27,74.78612478,1,119,0.074786125,466467.626902656,3583787.04381518
127,27,48.07984,0,25,0.04807984,463726.405533818,3583840.41187492
130,27,34.85622371,0,42,0.034856224,465278.217523910,3583947.86160020
131,27,42.44394468,0,26,0.042443945,464127.501126109,3583942.71342256
132,27,31.64799203,1,41,0.031647992,465453.775680161,3584063.99047917
133,27,42.6860736,0,27,0.042686074,464417.943043141,3584089.29107083
134,27,67.93123744,1,33,0.067931237,464986.946336162,3584082.41156978
135,27,24.87738404,1,39,0.024877384,465249.968160895,3584145.53345013
138,27,32.06251902,0,40,0.032062519,465422.246548085,3584269.36519291
139,27,76.2311229,1,23,0.076231123,464101.060293937,3584185.96366358
140,27,43.57946015,1,22,0.04357946,464379.696314420,3584338.74201195
141,27,12.67587423,0,38,0.012675874,465481.926894373,3584454.44869888
142,27,31.42668563,0,36,0.031426686,465167.657573991,3584385.50409947
143,27,42.91740975,1,32,0.04291741,464946.361706126,3584400.68933763
144,27,36.02690739,0,37,0.036026907,465329.827508396,3584451.34907987
145,27,49.09116456,1,16,0.049091165,463717.755605850,3584430.92310259
146,27,36.48574112,1,21,0.036485741,464493.290247157,3584484.55480960
147,27,18.12320918,0,35,0.018123209,465464.299586391,3584618.87928054
148,27,12.87505792,0,34,0.012875058,465340.023473611,3584672.78320102
149,27,45.95933158,1,17,0.045959332,463861.392242659,3584657.32393547
150,27,27.60089607,0,31,0.027600896,464950.583967545,3584665.79236056
151,27,39.7790763,0,19,0.039779076,464510.297822883,3584667.81465911
152,27,39.9586386,0,20,0.039958639,464723.904151697,3584737.28092142
153,27,67.15995216,1,18,0.067159952,464174.341631163,3584730.70061574
154,27,37.48529909,0,15,0.037485299,464486.375274143,3584844.56793800
155,27,19.58151768,0,14,0.019581518,464397.466930168,3584975.24533194
156,27,59.20207391,0,142,0.059202074,464875.027780531,3584916.17675235
157,27,48.19920368,0,141,0.048199204,465052.301674594,3584949.27496209
158,27,37.45980466,0,13,0.037459805,464582.518071420,3585041.44421400
159,27,48.78182207,0,12,0.048781822,464299.358630641,3585269.75673234
160,27,60.20427909,1,11,0.060204279,464701.095953004,3585841.49236970
161,27,102.1462785,1,9,0.102146278,465170.482018654,3585846.93901796
162,27,42.77426468,1,8,0.042774265,464935.831663604,3585938.00167575
163,27,67.13167004,0,10,0.06713167,464458.981404969,3585987.45540187
164,27,49.69234289,1,7,0.049692343,464783.599944643,3586078.05352888
165,27,46.84031623,1,4,0.046840316,465080.279822641,3586126.33188291
166,27,52.78375546,1,6,0.052783755,464629.753863476,3586206.87154372
167,27,64.27573752,0,3,0.064275738,464963.582709042,3586305.33864183
168,27,52.55991683,0,5,0.052559917,464468.183029421,3586336.33917334
169,27,49.32674983,1,2,0.04932675,464794.317623732,3586420.62747955
170,27,49.86338426,1,1,0.049863384,464617.214473254,3586542.99233995
171,8,32.7218044,0,13,0.032721804,459655.581376057,3589455.48496660
172,8,54.54730682,0,15,0.054547307,460131.196320901,3589470.03431270
173,8,56.18433012,0,14,0.05618433,459894.890717239,3589503.68838262
174,8,53.5970348,0,12,0.053597035,460124.761578630,3589727.93350046
175,8,58.44639738,0,11,0.058446397,459890.544663074,3589745.58103427
176,8,55.07482618,0,10,0.055074826,459652.392321551,3589774.09272202
177,8,25.4731617,1,9,0.025473162,459759.428091930,3590097.06712621
178,8,27.95884512,0,8,0.027958845,459604.485708035,3590122.53873979
179,8,29.41644114,0,6,0.029416441,459306.918918513,3590140.95679217
180,8,27.17313531,0,7,0.027173135,459456.448441036,3590152.97913209
181,8,19.67872144,0,1,0.019678721,459018.208319567,3590211.47951727
182,8,23.60012106,0,5,0.023600121,459796.893595355,3590266.51559113
183,8,26.56540105,0,4,0.026565401,459631.346562893,3590311.77077322
184,8,42.60017715,0,3,0.042600177,459431.151830749,3590364.22488507
185,8,44.581508,1,2,0.044581508,459218.290646465,3590393.98004073
186,10,34.55842252,0,5,0.034558423,452622.557740395,3603049.71364581
187,10,29.09711272,1,4,0.029097113,452659.571738742,3603227.18184210
188,10,68.37666201,0,2,0.068376662,452274.192894000,3603258.65397692
189,10,52.50471364,0,3,0.052504714,452478.038983423,3603260.22208076
190,10,18.10763377,0,6,0.018107634,452496.857205011,3603491.59791765
191,10,19.95268726,1,7,0.019952687,452325.724785067,3603498.87380242
192,10,52.8959217,0,1,0.052895922,451970.100554513,3603449.97308418
193,33,31.21169122,0,24,0.031211691,438728.176709310,3602077.33019047
194,33,38.30330817,0,26,0.038303308,438415.450572154,3602152.09877599
195,33,35.96906198,0,23,0.035969062,438770.714183301,3602344.88466094
196,33,40.42578775,1,25,0.040425788,438206.717366221,3602395.62589132
197,33,30.39727263,1,22,0.030397273,438594.204261739,3602472.20152289
198,33,31.84633012,0,21,0.03184633,438402.173565857,3602665.10058090
199,33,62.72803278,1,20,0.062728033,438982.967497023,3603011.75958804
200,33,50.69957679,0,19,0.050699577,439049.020723572,3603244.94681291
201,33,18.82938154,0,5,0.018829382,441110.042247542,3603466.55457368
202,33,54.23413642,0,18,0.054234136,438866.619519090,3603399.20111304
203,33,27.53969915,0,11,0.027539699,440783.332551507,3603486.45378187
204,33,39.0818568,0,10,0.039081857,440953.963219042,3603473.13974811
205,33,36.16138895,1,12,0.036161389,440607.155869316,3603528.58017652
206,33,86.43667616,0,17,0.086436676,439220.898985977,3603497.01270411
207,33,34.65652207,0,4,0.034656522,441061.577616534,3603705.58438302
208,33,29.259836,1,16,0.029259836,439859.354376206,3603769.77145835
209,33,35.67885919,0,9,0.035678859,440622.292143983,3603843.86257352
210,33,36.05929318,0,8,0.036059293,440794.938701164,3603872.27324207
211,33,39.40963234,1,3,0.039409632,441045.180472934,3603912.76649284
212,33,37.77433406,0,15,0.037774334,439956.362810098,3603996.42803423
213,33,41.57639637,0,2,0.041576396,441030.215203532,3604115.63563161
214,33,40.13952482,0,7,0.040139525,440801.734029627,3604163.53699966
215,33,30.1964288,0,13,0.030196429,440096.661229232,3604265.11873120
216,33,23.6400491,1,6,0.023640049,440596.627557091,3604266.86242209
217,33,59.20631496,0,14,0.059206315,439880.357831628,3604224.09687517
218,33,58.79391706,1,1,0.058793917,441005.649436038,3604320.35471366
219,24,22.22012417,0,28,0.022220124,437127.918108968,3604560.58269417
220,24,14.95985396,0,26,0.014959854,437083.717758662,3604700.95696509
221,24,8.871547746,0,27,0.008871548,437199.842996425,3604699.96547275
222,24,71.406928,0,25,0.071406928,436877.358337198,3604631.20769534
223,24,55.64799191,0,30,0.055647992,437604.407105317,3604636.17729455
224,24,70.62237995,0,29,0.07062238,437364.712088241,3604628.51289817
225,24,20.82720517,1,53,0.020827205,436459.416391579,3604749.90335805
226,24,16.5169327,1,21,0.016516933,436812.630081098,3604838.67311409
227,24,42.57571386,0,22,0.042575714,437044.608179754,3604857.89087229
228,24,42.29217218,0,24,0.042292172,437700.812452541,3604903.51251588
229,24,83.07716425,0,23,0.083077164,437418.440173204,3604897.11630017
230,24,65.59796891,1,16,0.065597969,437018.105670691,3605049.32880192
231,24,32.82922548,0,20,0.032829225,436660.646261416,3605012.75090787
232,24,72.97815151,0,19,0.072978152,437768.833836122,3605147.66021495
233,24,72.23691272,0,18,0.072236913,437454.601374612,3605144.78990624
234,24,25.7578943,1,15,0.025757894,436905.796203430,3605149.64089522
235,24,15.60195058,0,17,0.015601951,437213.405923392,3605216.94879535
236,24,11.23464367,1,52,0.011234644,438342.837328110,3605263.43898964
237,24,54.44773954,1,51,0.05444774,438597.047525314,3605335.87116973
238,24,61.26907452,1,50,0.061269075,438899.928459800,3605346.03134386
239,24,36.75036002,0,49,0.03675036,438764.540943098,3605555.14574109
240,24,44.07933182,1,31,0.044079332,438083.708984615,3605568.80882931
241,24,57.74074387,0,47,0.057740744,439050.354123429,3605626.50211707
242,24,76.42397644,0,45,0.076423976,439322.811860208,3605612.88611766
243,24,87.80608776,0,32,0.087806088,438266.672651695,3605544.39823023
244,24,64.25119443,0,34,0.064251194,438477.727739187,3605653.18401561
245,24,35.92782033,0,48,0.03592782,438859.419528547,3605761.15790354
246,24,48.41534691,0,33,0.048415347,438300.712751607,3605877.22912747
247,24,67.880211,0,44,0.067880211,439332.107384145,3605891.96854095
248,24,64.52333972,0,35,0.06452334,438532.263080330,3605988.84737944
249,24,61.19480517,1,46,0.061194805,439074.427185081,3605917.72455915
250,24,61.7149247,0,38,0.061714925,438726.297631456,3606045.36311314
251,24,63.17561423,1,43,0.063175614,439332.187922786,3606127.02865517
252,24,50.11980203,0,36,0.050119802,438467.542759881,3606302.25444048
253,24,43.747146,0,37,0.043747146,438659.513653150,3606319.71616622
254,24,76.51454147,0,39,0.076514541,438928.291440648,3606289.74531436
255,24,50.48798116,0,42,0.050487981,439137.493130272,3606393.29498199
256,24,18.26643519,0,12,0.018266435,436142.560643057,3606673.42231779
257,24,54.57174627,0,41,0.054571746,439121.569722071,3606657.15771996
258,24,72.22937917,0,40,0.072229379,438893.576319924,3606664.45196774
259,24,46.16036228,0,10,0.046160362,435997.486301746,3606811.04794519
260,24,12.86567683,0,9,0.012865677,435630.931907339,3606834.19901945
261,24,10.61528171,0,11,0.010615282,436207.552748926,3606834.30204033
262,24,88.46146083,0,6,0.088461461,435672.628775520,3607022.33542349
263,24,34.13939864,1,14,0.034139399,434852.666736341,3607058.78771400
264,24,81.52479889,1,5,0.081524799,435261.734601661,3607056.02308516
265,24,18.50895478,0,8,0.018508955,436292.281732859,3607143.31772882
266,24,113.4782509,1,7,0.113478251,436088.448578664,3607089.28506474
267,24,82.19834566,0,4,0.082198346,435679.814240003,3607216.48551128
268,24,54.80912198,1,13,0.054809122,434955.397801680,3607243.53793774
269,24,102.4292305,1,3,0.10242923,435863.800445225,3607523.76230221
270,24,91.96541137,1,2,0.091965411,435629.724677192,3607541.16744299
271,24,43.9983455,0,1,0.043998346,435715.672743312,3607880.10907588
272,21,46.74943037,0,54,0.04674943,447063.155165538,3608960.06447842
273,21,42.35054394,0,53,0.042350544,446995.424258982,3609152.46644698
274,21,92.17803519,0,52,0.092178035,446603.884816072,3609446.21446214
275,21,83.37721594,0,50,0.083377216,446357.602133135,3609809.05899225
276,21,68.1823141,0,51,0.068182314,446569.686852423,3609865.39698672
277,21,25.74634338,0,44,0.025746343,446781.935726115,3610222.36366654
278,21,51.97551954,0,30,0.05197552,447772.573318294,3610210.16565540
279,21,87.80164641,0,49,0.087801646,446253.747760504,3610189.07743615
280,21,54.98594047,0,41,0.05498594,448130.428472900,3610237.93275409
281,21,68.40096216,1,48,0.068400962,445848.801474496,3610344.40129416
283,21,52.64381109,0,43,0.052643811,446797.396439436,3610448.83332628
284,21,49.86317388,0,29,0.049863174,447738.912783685,3610477.01488928
285,21,46.55278913,0,46,0.046552789,446571.872570758,3610482.00302985
286,21,54.94368451,0,47,0.054943685,446099.383783574,3610534.15140614
287,21,59.32922093,1,40,0.059329221,448080.421274917,3610533.71476836
288,21,43.68107321,0,45,0.043681073,446510.491656649,3610758.24644264
289,21,49.59752403,0,42,0.049597524,446797.753104105,3610711.60921666
290,21,75.48205842,0,39,0.075482058,448311.251356795,3610692.78863536
291,21,33.24926879,1,28,0.033249269,447722.251067575,3610742.33416981
292,21,54.27699319,0,25,0.054276993,447497.380607838,3611018.22833166
293,21,36.34390286,0,27,0.036343903,447727.352328852,3611039.37144471
294,21,63.93210367,0,38,0.063932104,448298.274202888,3611243.10951240
295,21,64.71770455,0,24,0.064717705,447479.343890706,3611325.68669292
296,21,32.39734074,0,37,0.032397341,448047.687174807,3611402.88113180
297,21,69.40418886,0,26,0.069404189,447786.201595836,3611442.12212918
298,21,31.18621113,0,36,0.031186211,448663.099432445,3611704.86496407
299,21,62.99296312,1,22,0.062992963,447233.955920291,3611647.92606477
300,21,63.61090843,0,23,0.063610908,447453.519752717,3611660.55126312
301,21,32.11659004,0,35,0.03211659,448389.574186647,3611755.24332274
302,21,34.09159053,0,34,0.034091591,448190.438106418,3611765.98527872
303,21,25.61630371,0,33,0.025616304,448399.506624067,3611919.43869558
304,21,45.44787379,0,21,0.045447874,447442.193942864,3611962.28569748
305,21,36.43078541,1,32,0.036430785,448627.757546864,3612110.54527946
306,21,47.95962716,0,19,0.047959627,447392.978144285,3612232.18597881
307,21,34.26793792,0,18,0.034267938,447181.770489036,3612276.90927183
308,21,70.7791207,1,31,0.070779121,448330.698147783,3612253.93083610
309,21,68.53292119,0,20,0.068532921,447619.919138808,3612220.11884458
310,21,71.20177325,1,11,0.071201773,447483.919039606,3612602.48187229
311,21,37.32212601,1,17,0.037322126,447923.905613308,3612615.12569720
312,21,39.57575978,0,16,0.03957576,447762.268359624,3612616.05817520
313,21,84.32265146,1,10,0.084322651,447457.767231390,3612809.48905380
314,21,38.3755662,0,14,0.038375566,447767.853120215,3612901.26053543
315,21,40.0179288,1,15,0.040017929,447937.094147043,3612911.05254513
316,21,80.25556362,0,9,0.080255564,447482.267656939,3613033.35681016
317,21,45.99978562,1,13,0.045999786,447958.805789749,3613173.68580745
318,21,36.82035816,0,12,0.036820358,447765.815453771,3613181.96944757
319,21,75.18657493,1,8,0.075186575,447488.050346440,3613247.89627094
320,21,157.4929933,0,6,0.157492993,447469.864253283,3613603.10622171
321,21,73.56434154,0,7,0.073564342,447738.537086211,3613691.82752664
322,21,106.0580816,0,5,0.106058082,447353.593333013,3613976.78484274
323,21,71.80087783,0,4,0.071800878,447258.039712038,3614243.06348346
324,21,65.30376453,1,3,0.065303765,447183.217915710,3614520.90598995
325,21,84.69457769,1,2,0.084694578,447541.397441069,3614595.05629221
326,21,64.12031486,1,1,0.064120315,447278.640425764,3614737.72554499
327,18,47.6344678,0,29,0.047634468,410752.139686121,3630460.96009430
328,18,36.271276,1,30,0.036271276,410589.899176458,3630483.99405606
329,18,36.41260328,1,28,0.036412603,410940.978039084,3630547.23371927
330,18,57.47958128,1,27,0.057479581,411009.964727700,3630763.99655639
331,18,46.08973938,0,26,0.046089739,410912.053525875,3630952.73022326
332,18,74.97080551,1,22,0.074970806,411458.285238056,3631089.86987867
333,18,28.97778541,0,25,0.028977785,410989.191595441,3631210.78919299
334,18,47.87588815,0,24,0.047875888,410834.285762150,3631171.69537859
335,18,39.6068014,1,23,0.039606801,410699.320855322,3631311.49779227
336,18,66.69298883,1,21,0.066692989,411451.999528399,3631345.56312527
337,18,47.31902819,1,20,0.047319028,411186.619553919,3631410.51472625
338,18,11.56005395,0,18,0.011560054,411191.748426628,3631584.58954682
339,18,37.831989,0,11,0.037831989,410849.402825444,3631573.75001116
340,18,27.85447402,0,19,0.027854474,411412.240431912,3631589.39238609
341,18,39.62105613,1,17,0.039621056,411829.127667374,3631709.37492452
342,18,41.34480332,0,10,0.041344803,410775.637849442,3631741.32305962
343,18,14.74622792,0,14,0.014746228,411289.043591548,3631782.11340210
344,18,20.57361855,1,15,0.020573619,411466.169488518,3631776.41916876
345,18,16.43569566,0,16,0.016435696,411617.143618616,3631768.69144384
346,18,53.07005196,0,8,0.053070052,410638.574975934,3631921.31702953
347,18,48.86902721,0,9,0.048869027,410899.878255863,3631979.52188713
348,18,56.24092572,1,13,0.056240926,411774.322570905,3631972.15882748
349,18,104.5069914,1,12,0.104506991,411278.175516331,3631986.43780829
350,18,60.64873084,0,6,0.060648731,410511.282056133,3632092.32642203
351,18,51.11544212,0,7,0.051115442,410843.720178547,3632193.10262447
352,18,37.32129536,0,3,0.037321295,410356.497848264,3632258.12741429
353,18,19.99269574,0,4,0.019992696,410550.541672446,3632272.13712469
354,18,30.11124388,1,1,0.030111244,410253.909494908,3632407.21959289
355,18,19.25010308,1,2,0.019250103,410458.945026192,3632404.67037741
356,18,32.19157509,1,5,0.032191575,410653.185667318,3632354.30417242
357,32,40.2942684,1,2,0.040294268,367725.705530868,3664015.93407997
358,32,44.79255849,1,1,0.044792558,367710.253407037,3664313.86076772
359,19,14.48648863,0,8,0.014486489,366027.800212884,3667722.11703812
360,19,31.27253876,0,7,0.031272539,365791.864283914,3667796.00317856
361,19,36.169758,0,6,0.036169758,365729.162244269,3667930.69936102
362,19,17.05391471,0,5,0.017053915,365506.447630403,3668637.17182617
363,19,17.31458488,0,4,0.017314585,365508.975893925,3668767.08924232
364,19,47.88324802,0,3,0.047883248,365689.056574687,3669644.94539938
365,19,18.79008314,0,2,0.018790083,365722.230433980,3669798.29252253
366,19,18.95493312,0,1,0.018954933,365723.001190067,3669899.43715606
367,20,47.53199655,0,12,0.047531997,357341.905183546,3666717.66826328
368,20,42.61035939,0,11,0.042610359,357206.924116136,3666832.73182211
369,20,44.24278987,0,10,0.04424279,357122.127610511,3666969.18839656
370,20,42.83519824,0,9,0.042835198,357821.218544344,3667117.80855699
371,20,43.7931805,0,8,0.043793181,357644.888333746,3667210.50373694
372,20,51.13534198,0,7,0.051135342,357442.817623529,3667286.41022209
373,20,49.79787495,0,6,0.049797875,357235.983473412,3667297.90498540
374,20,21.62745274,0,5,0.021627453,357635.476263847,3667706.92295284
375,20,16.05349716,0,4,0.016053497,357622.666565237,3667819.04851656
376,20,22.82276509,0,3,0.022822765,357620.704685950,3667954.09029400
377,20,21.42202639,0,2,0.021422026,357621.926883013,3668098.93712768
378,20,25.78125326,0,1,0.025781253,357416.960367089,3668103.58360018
379,30,35.68277716,1,4,0.035682777,353208.341965735,3679928.67617788
380,30,21.49441955,0,3,0.02149442,353260.886975219,3680169.99597748
381,30,26.72702068,1,2,0.026727021,353085.126714993,3680202.26240745
382,30,39.7492116,0,1,0.039749212,353291.454623997,3680431.44079576
383,9,17.28085607,0,8,0.017280856,368485.158135449,3668618.90931614
384,9,32.19786893,0,7,0.032197869,368222.900881631,3668702.05928345
385,9,35.68228206,0,6,0.035682282,368337.579439897,3668827.39678810
386,9,39.05187301,0,5,0.039051873,368467.641718405,3668910.32590335
387,9,29.43861197,0,9,0.029438612,367950.162645092,3669010.59250421
388,9,39.1845497,0,4,0.03918455,368458.538818385,3669138.63366568
389,9,25.0386519,0,3,0.025038652,368297.613560671,3669174.89378741
390,9,38.96437552,1,1,0.038964376,367620.288121075,3670062.18352844
391,9,44.59195778,1,2,0.044591958,367805.561243051,3669980.79316867
392,31,48.71163208,0,15,0.048711632,442902.245121830,3603097.21808222
393,31,79.33594843,0,8,0.079335948,443175.412384872,3603231.69640068
394,31,20.47427331,0,19,0.020474273,443629.101789927,3603411.48196020
395,31,43.25825854,1,14,0.043258259,442889.670210747,3603422.19625859
396,31,46.56069554,0,7,0.046560696,443102.283563403,3603506.57324600
397,31,13.37458203,0,18,0.013374582,443809.481849890,3603712.81501475
398,31,126.1230048,0,17,0.126123005,443504.565779705,3603589.51520909
399,31,45.98060895,0,13,0.045980609,442888.030414189,3603720.57285020
400,31,28.65300297,0,6,0.028653003,443142.214325305,3603861.98733191
401,31,51.49369565,0,12,0.051493696,442924.115700467,3603970.53425297
402,31,32.1279431,0,5,0.032127943,443223.530083234,3604066.61103629
403,31,29.00128758,0,11,0.029001288,443022.535363535,3604171.98698874
404,31,30.17012687,0,10,0.030170127,442861.640499087,3604194.19704671
405,31,109.0323121,0,16,0.109032312,443708.651605233,3604078.40456685
406,31,39.24199741,0,4,0.039241997,443324.735808132,3604286.71149577
407,31,27.24767318,0,9,0.027247673,443074.213407134,3604345.96720112
408,31,40.36711699,0,3,0.040367117,443380.560533707,3604528.48505653
409,31,39.67563669,0,2,0.039675637,443430.417182983,3604762.66570459
410,31,33.82860832,0,1,0.033828608,443433.813474532,3605043.43176095
411,6,47.38179491,1,12,0.047381795,438501.510404348,3608624.59609941
412,6,49.85131292,0,11,0.049851313,438414.308557047,3608857.73703829
413,6,22.40192017,0,4,0.02240192,438074.385991058,3609018.29047992
414,6,24.91187837,0,10,0.024911878,438526.402183629,3609003.99600427
415,6,18.87312707,0,5,0.018873127,438166.964020637,3609185.54620747
416,6,22.52213911,0,3,0.022522139,438060.911644793,3609228.24027119
417,6,90.72419758,0,6,0.090724198,438329.613545467,3609195.27994321
418,6,12.17447927,0,7,0.012174479,438508.711760755,3609389.76656515
419,6,69.79674728,0,1,0.069796747,438202.406701647,3609518.10905772
420,6,21.42210052,0,2,0.021422101,438339.071267064,3609648.99484263
421,23,44.46509228,0,14,0.044465092,450582.074216009,3603009.62162146
422,23,62.54667718,0,16,0.062546677,451014.135644534,3603037.20141964
423,23,22.07307504,0,15,0.022073075,450809.276877407,3603026.88710400
424,23,41.22402692,0,13,0.041224027,450963.272287832,3603233.42133013
425,23,28.89716811,0,4,0.028897168,450049.360566120,3603289.23569452
426,23,46.94040178,0,12,0.046940402,451208.614997026,3603359.10631375
427,23,51.83949672,0,11,0.051839497,451073.162610572,3603491.31883842
428,23,49.43080936,0,10,0.049430809,450920.610207964,3603477.17009877
429,23,46.62943466,0,3,0.046629435,450098.188799490,3603564.43942362
430,23,18.8722381,0,8,0.018872238,450999.251094142,3603740.92148932
431,23,31.13432947,0,7,0.031134329,450740.556886621,3603653.67494072
432,23,24.5938555,0,9,0.024593856,451220.938983834,3603754.14678160
433,23,62.131354,0,1,0.062131354,450034.069875227,3603815.13141344
434,23,43.40898185,1,2,0.043408982,450190.295172401,3603870.08952250
435,37,57.4338208,1,120,0.057433821,443564.915779354,3594066.87174275
436,37,53.82905188,1,121,0.053829052,443210.598919318,3594073.73293371
437,37,62.1922794,1,122,0.062192279,442871.959081812,3594080.61716990
438,37,40.00960055,1,123,0.040009601,442613.590658165,3594110.87647182
439,37,35.96255646,0,124,0.035962556,442423.459757641,3594167.61728608
440,37,39.90436171,1,125,0.039904362,442229.088546034,3594214.89753664
441,37,40.97510192,0,117,0.040975102,443212.155805125,3594247.08791567
442,37,60.69178235,0,118,0.060691782,443509.605860987,3594255.40339037
443,37,60.07446724,0,119,0.060074467,443841.086102139,3594261.45211307
444,37,25.58232831,1,116,0.025582328,442989.960786944,3594267.12368529
445,37,37.1980535,1,115,0.037198054,443223.791489165,3594420.60970860
446,37,30.20230632,0,95,0.030202306,442221.514877525,3594491.45248370
447,37,39.81750028,0,108,0.0398175,444207.290303677,3594548.82609776
448,37,46.78035928,1,114,0.046780359,443471.610859699,3594468.72706206
449,37,78.81587234,0,113,0.078815872,443692.003521999,3594541.61637586
450,37,74.49780328,1,112,0.074497803,443913.669793785,3594540.52414983
451,37,35.19432914,1,94,0.035194329,442226.892023935,3594682.53669541
452,37,70.0187128,1,96,0.070018713,442415.485565346,3594588.25763980
453,37,77.27072631,1,97,0.077270726,442608.552500245,3594587.31957946
454,37,80.8219413,1,98,0.080821941,442809.412630460,3594583.05823843
455,37,61.86334986,1,99,0.06186335,442996.889537241,3594618.50870527
456,37,39.58843542,1,100,0.039588435,443182.710041373,3594689.63993490
457,37,40.0953292,0,107,0.040095329,444198.970123037,3594755.79975335
458,37,20.01294191,1,110,0.020012942,443728.828753575,3594806.01192792
459,37,27.03371099,1,90,0.027033711,442016.949678999,3594879.31463411
460,37,31.40995909,0,91,0.031409959,442210.848255367,3594881.74031696
461,37,31.22485882,0,92,0.031224859,442411.328535869,3594883.94409556
462,37,29.98026889,1,93,0.029980269,442609.423943076,3594885.31429006
463,37,62.205042,1,80,0.062205042,443096.184083697,3594894.86039685
464,37,42.76605868,0,111,0.042766059,443906.874443889,3594858.90679976
465,37,45.58288014,1,81,0.04558288,442806.763308438,3594924.17204012
466,37,52.84660972,0,106,0.05284661,444203.096351362,3594956.54580384
467,37,48.2810768,1,103,0.048281077,444446.028101159,3594950.75076342
468,37,6.045588496,0,105,0.006045588,444113.649548504,3595076.55239445
469,37,46.33391612,1,102,0.046333916,444651.187630244,3594984.90976027
470,37,30.68454111,0,82,0.030684541,442601.620731667,3595065.55259706
471,37,31.6813553,1,83,0.031681355,442406.036924757,3595068.36099577
472,37,31.18975046,1,84,0.03118975,442209.488791042,3595070.11062031
473,37,48.60350568,1,78,0.048603506,443404.621055949,3595034.30716725
474,37,46.78158921,1,77,0.046781589,443619.471737637,3595047.83011280
475,37,6.653850915,0,104,0.006653851,444237.717602523,3595112.96829602
476,37,31.66875417,1,85,0.031668754,442011.335647213,3595072.40137275
477,37,59.6339006,1,79,0.059633901,443087.175171254,3595072.88130563
478,37,70.07571685,1,86,0.070075717,441816.181499375,3594979.50369316
479,37,71.89017653,1,87,0.071890177,441618.983552716,3594982.88598974
480,37,70.20342516,1,88,0.070203425,441420.336817684,3594986.59621929
481,37,43.63885687,1,89,0.043638857,441226.120929020,3595056.97244440
482,37,70.90655794,1,101,0.070906558,444886.553511434,3595119.75729031
483,37,50.4417637,0,71,0.050441764,442817.872843322,3595233.41411135
484,37,31.82372018,0,72,0.03182372,442985.833676227,3595271.01805735
485,37,48.68835525,1,74,0.048688355,443385.356388138,3595272.48708860
486,37,53.35661427,1,76,0.053356614,443853.320392802,3595255.48393506
487,37,35.53971683,1,73,0.035539717,443154.036575988,3595276.99946668
488,37,52.48280331,0,75,0.052482803,443626.389686427,3595270.77863245
489,37,46.88930327,1,66,0.046889303,442008.610200735,3595308.67893628
490,37,53.86283334,1,68,0.053862833,442395.209129695,3595318.02290633
491,37,31.23336779,1,69,0.031233368,442557.678806685,3595309.84094347
492,37,35.08501171,1,70,0.035085012,442656.924907816,3595375.09030868
493,37,55.31519731,1,67,0.055315197,442207.736677862,3595329.97245690
494,37,12.23939469,0,65,0.012239395,442423.190222634,3595502.76524727
495,37,8.654390508,1,64,0.008654391,442163.956542560,3595509.41894260
496,37,15.81137598,1,63,0.015811376,441995.163086174,3595501.93896279
497,37,69.10450688,1,61,0.069104507,441607.288436980,3595367.18749464
498,37,71.64569875,1,62,0.071645699,441808.328735711,3595366.11436490
499,37,69.78794579,0,60,0.069787946,441409.361371370,3595370.05966210
500,37,65.40879174,1,59,0.065408792,441219.296368053,3595370.85736643
501,37,61.95699081,1,56,0.061956991,442814.860256566,3595577.59022150
502,37,40.48987745,1,57,0.040489877,442969.949714766,3595573.75793154
503,37,43.48373046,1,58,0.04348373,443101.299239203,3595577.75973275
504,37,55.47389064,1,52,0.055473891,441996.401907178,3595727.77716586
505,37,61.7242595,1,50,0.061724259,441595.681731047,3595753.18786411
506,37,49.01839838,1,48,0.049018398,441213.556555874,3595750.82724201
507,37,62.87815126,1,51,0.062878151,441793.977801924,3595750.32521699
508,37,65.3672432,1,49,0.065367243,441396.428235569,3595768.28640001
509,37,70.0418199,1,53,0.07004182,442197.440830129,3595762.04904634
510,37,91.19143247,1,55,0.091191432,442595.940988290,3595785.07455985
511,37,101.868609,1,54,0.101868609,442390.512390522,3595839.30365371
512,37,53.15988682,1,47,0.053159887,442555.163275175,3596790.02546565
513,37,43.19189733,1,46,0.043191897,442552.236624315,3597016.84782124
514,37,48.47491147,1,14,0.048474911,442437.773629101,3600527.94510941
515,37,49.50337117,1,15,0.049503371,442701.759981530,3600530.90581832
516,37,96.16584162,0,13,0.096165842,442570.842036868,3600732.21238481
517,37,95.66497406,1,12,0.095664974,442576.357074356,3600927.67639321
518,37,14.70354992,0,28,0.01470355,443393.467683268,3601017.21427723
519,37,16.32721789,0,27,0.016327218,443226.199352097,3601045.91173258
520,37,17.61789559,0,26,0.017617896,443029.610501634,3601076.96674367
521,37,78.62159486,1,11,0.078621595,442629.440229805,3601125.41294624
522,37,34.27303344,1,22,0.034273033,443593.650420977,3601143.38701897
523,37,25.25024851,0,10,0.025250249,442933.598843777,3601335.62906653
524,37,78.46733508,1,9,0.078467335,442630.928518468,3601325.74712487
525,37,39.26910413,1,25,0.039269104,443094.871278296,3601267.02238698
526,37,39.86517044,0,21,0.03986517,443626.895640249,3601344.14280281
527,37,59.12075006,0,34,0.05912075,443258.967771477,3601281.20523800
528,37,57.33299648,0,23,0.057332996,443433.368470057,3601272.59660822
529,37,33.03315502,0,18,0.033033155,443260.055169697,3601538.93636415
530,37,93.55012529,1,7,0.093550125,442596.399308285,3601524.22573926
531,37,40.06574464,0,8,0.040065745,442967.810619113,3601531.28222835
532,37,29.76790709,1,17,0.029767907,443296.366881806,3601693.08108509
533,37,53.11756585,1,19,0.053117566,443492.467558762,3601619.10993034
534,37,50.96116794,0,20,0.050961168,443671.173640646,3601628.43285767
535,37,99.86411852,1,5,0.099864119,442576.174526830,3601720.01807123
536,37,52.3716839,0,6,0.052371684,442999.051663407,3601726.73837549
537,37,28.24815555,0,4,0.028248156,443112.559588142,3601918.60788212
538,37,46.71714311,1,1,0.046717143,442439.796643588,3601916.65324140
539,37,28.504215,1,16,0.028504215,443324.980391959,3601899.61881959
540,37,28.03201753,0,3,0.028032018,442940.153615186,3601918.05968185
541,37,48.70999143,1,2,0.048709991,442713.396800973,3601920.24790715
542,17,23.66938362,1,115,0.023669384,461364.741533295,3587475.20758883
543,17,58.52144168,1,111,0.058521442,460643.055496569,3587557.37823990
544,17,75.8077567,1,113,0.075807757,460998.391173475,3587573.94777673
545,17,47.73058003,1,110,0.04773058,462526.090002333,3587694.74735121
546,17,60.75034071,1,109,0.060750341,462313.876649516,3587704.83853509
547,17,55.4309527,0,108,0.055430953,462101.503246827,3587708.50276039
548,17,80.01565976,0,114,0.08001566,461313.214619918,3587720.73934209
549,17,51.11932988,1,112,0.05111933,460906.569103564,3587775.33854888
550,17,24.92582331,0,103,0.024925823,462735.325790960,3587846.47364544
551,17,50.08005936,1,107,0.050080059,461914.807847811,3587783.56459966
552,17,24.99116198,0,102,0.024991162,462536.249493281,3587900.44066723
553,17,41.04882157,0,106,0.041048822,461718.357086937,3587881.32733015
554,17,42.93762152,1,105,0.042937622,461526.442692605,3587887.92414303
555,17,24.85890528,0,104,0.024858905,461334.037453958,3587947.18754881
556,17,38.35685733,0,101,0.038356857,462325.088814358,3587942.58920735
557,17,43.8158745,1,100,0.043815875,462116.554213119,3587982.24753179
558,17,35.02145484,0,94,0.035021455,460958.674757357,3588120.21119402
559,17,54.12234615,1,95,0.054122346,461138.311696096,3588083.83927032
560,17,38.53617551,1,96,0.038536176,461337.820116835,3588133.58713543
561,17,43.27245449,1,97,0.043272454,461533.908021779,3588129.95592304
562,17,45.20373123,0,98,0.045203731,461734.218007482,3588126.21206981
563,17,22.46407161,1,67,0.022464072,462258.690915278,3588328.85303145
564,17,66.56428297,0,99,0.066564283,461923.622830811,3588120.17323750
565,17,39.79748154,1,89,0.039797482,460957.454808409,3588345.52590292
566,17,40.05373895,0,90,0.040053739,461149.813175799,3588352.18819892
567,17,49.37353358,0,88,0.049373534,460776.782794869,3588316.35402819
568,17,40.14474948,0,91,0.040144749,461347.952949149,3588358.61856622
569,17,41.1994992,1,68,0.041199499,458959.512919036,3588370.91145606
570,17,32.27506021,0,69,0.03227506,459116.302604657,3588416.94512044
571,17,31.66230898,1,66,0.031662309,462207.107373872,3588465.71751092
572,17,49.97218215,1,93,0.049972182,461740.083527782,3588392.27294434
573,17,38.26763194,0,80,0.038267632,460050.552995830,3588484.50406740
574,17,39.71512134,0,70,0.039715121,459304.622186660,3588470.98895574
575,17,44.36918812,1,81,0.044369188,460232.754219697,3588497.44189383
576,17,66.55051757,1,92,0.066550518,461547.177448408,3588433.53054466
577,17,41.18992219,0,82,0.041189922,460406.218073682,3588515.32196631
578,17,38.97706567,1,71,0.038977066,459474.665175211,3588542.78123854
579,17,43.34841612,0,85,0.043348416,460960.534455243,3588573.80575720
580,17,53.46142502,0,83,0.053461425,460575.379567050,3588523.08244307
581,17,41.21479951,0,84,0.0412148,460760.677780821,3588579.72279702
582,17,38.95537457,0,87,0.038955375,461354.658270052,3588581.05409693
583,17,43.58138597,1,65,0.043581386,462237.370220851,3588646.36041508
584,17,59.92441364,0,72,0.059924414,459683.700279517,3588553.44744104
585,17,43.96249526,1,64,0.043962495,462013.499917071,3588617.15040761
586,17,67.73834062,0,73,0.067738341,459866.391965649,3588575.60840238
587,17,55.2121471,0,86,0.055212147,461159.799886824,3588616.30263403
588,17,35.41930511,0,74,0.035419305,460045.764458032,3588707.32197232
589,17,37.66442408,0,75,0.037664424,460228.010085915,3588740.97971404
590,17,32.65726431,0,79,0.032657264,460953.914444843,3588773.83347205
591,17,39.51267355,0,76,0.039512674,460408.856727269,3588781.07675489
592,17,40.49011054,0,78,0.040490111,460758.836879321,3588809.67284969
593,17,38.97272651,0,77,0.038972727,460580.602689876,3588817.96325322
594,17,50.05494764,0,63,0.050054948,462220.815001699,3588834.33253231
595,17,41.14228311,0,62,0.041142283,461986.978741855,3588848.57306046
596,17,40.78174521,1,61,0.040781745,461790.011909629,3588845.41597763
597,17,30.00216727,0,60,0.030002167,461597.935603668,3588897.42092805
598,17,27.99179021,1,59,0.02799179,461405.059352312,3588957.89906657
599,17,37.76238262,1,58,0.037762383,462200.855751508,3589045.39812541
600,17,41.99334212,1,57,0.041993342,461979.659789994,3589062.75184203
601,17,38.14341605,0,56,0.038143416,461778.499280834,3589075.24122376
602,17,33.01343884,0,55,0.033013439,461595.120908705,3589093.98515694
603,17,28.94866816,0,54,0.028948668,461413.205697952,3589120.68984847
604,17,41.6100157,0,53,0.041610016,461185.016156507,3589090.44172423
605,17,37.05506381,1,52,0.037055064,461001.354588683,3589138.03287999
606,17,47.2519316,0,50,0.047251932,461506.311199624,3589318.68674068
607,17,34.4646281,0,51,0.034464628,461770.804110926,3589330.23360028
608,17,48.61528044,0,12,0.04861528,457926.008252644,3589345.93201799
609,17,53.26130053,0,11,0.053261301,457680.374000156,3589359.73353740
610,17,56.58219278,0,6,0.056582193,457420.799002510,3589373.35542503
611,17,16.23623979,0,2,0.01623624,457120.893271022,3589479.72590776
612,17,44.89510333,1,47,0.044895103,461211.153050366,3589412.99252900
613,17,52.43536458,1,46,0.052435365,461009.435889492,3589424.97788729
614,17,51.2686308,0,45,0.051268631,460789.664101654,3589445.51215894
615,17,46.73271914,1,48,0.046732719,461500.693970592,3589481.60671706
616,17,30.52013678,0,49,0.030520137,461752.762269396,3589514.35958584
617,17,38.74651661,0,117,0.038746517,458459.797323201,3589540.92790411
618,17,30.42932759,0,116,0.030429328,458179.956671267,3589548.25526062
619,17,33.39510235,0,118,0.033395102,458732.296984515,3589537.09436742
620,17,18.49484364,1,1,0.018494844,457133.081465753,3589591.94588325
621,17,34.76614262,1,44,0.034766143,461477.900272799,3589655.21206989
622,17,56.7867412,1,5,0.056786741,457417.017019342,3589651.66846868
623,17,47.68348141,1,43,0.047683481,461217.747416676,3589656.48370080
624,17,45.78318657,1,10,0.045783187,457937.226399799,3589685.51689140
625,17,46.4995378,0,42,0.046499538,460997.239088819,3589672.24390707
626,17,46.16087484,0,41,0.046160875,460776.188378264,3589691.41926328
627,17,20.79385651,1,4,0.020793857,457391.658851381,3589811.76633839
628,17,45.53794911,1,8,0.045537949,457739.104051019,3589823.44699931
629,17,18.30260368,1,3,0.018302604,457348.323702458,3589929.06788578
630,17,39.53714787,0,7,0.039537148,457565.026074796,3589905.28272238
631,17,28.63657174,0,40,0.028636572,461758.663287287,3589920.82763056
632,17,18.96341573,0,39,0.018963416,461437.406525744,3589934.97073450
633,17,46.38029246,0,9,0.046380292,457925.144757593,3589915.48622093
634,17,44.89099684,0,31,0.044890997,460785.024079722,3590023.20595317
635,17,44.57954868,0,32,0.044579549,460997.227660372,3590016.65201764
636,17,52.31382741,0,33,0.052313827,461213.469593013,3590006.04163989
637,17,22.81748244,0,38,0.022817482,462067.280143637,3590102.66844008
638,17,24.89211995,1,37,0.02489212,461929.304127617,3590102.93662606
639,17,36.65399016,0,36,0.03665399,461756.083075260,3590103.55734221
640,17,27.95293993,0,35,0.02795294,461579.114798786,3590105.30948227
641,17,28.46109058,0,34,0.028461091,461415.981530630,3590108.24542108
642,17,46.09970711,1,23,0.046099707,460778.232163594,3590251.56772109
643,17,43.18782542,0,25,0.043187825,461192.523397667,3590250.56810503
644,17,43.19121386,1,24,0.043191214,460984.113195727,3590251.45384293
645,17,24.96337943,0,26,0.024963379,461405.437778031,3590288.39882229
646,17,23.19288117,0,30,0.023192881,462084.826358095,3590293.14528495
647,17,25.59793415,0,29,0.025597934,461934.554354316,3590294.42048358
648,17,33.89548081,0,28,0.033895481,461753.267636079,3590295.02586363
649,17,25.83157104,0,27,0.025831571,461576.824305307,3590296.91786307
650,17,26.37499294,1,22,0.026374993,462100.488366532,3590477.37046678
651,17,26.79780112,0,21,0.026797801,461938.207045301,3590477.09211255
652,17,32.46453642,0,20,0.032464536,461751.174517512,3590478.75287028
653,17,16.77158893,1,18,0.016771589,461444.324353065,3590479.79919555
654,17,25.76427096,0,19,0.025764271,461573.530555960,3590479.26951221
655,17,29.30526694,0,14,0.029305267,461571.265964454,3590676.76857146
656,17,25.96164484,0,13,0.025961645,461426.059136496,3590681.92851287
657,17,20.8833993,1,17,0.020883399,462087.756227075,3590650.07764354
658,17,38.85352295,1,15,0.038853523,461749.969072545,3590675.15106001
659,17,34.72590636,0,16,0.034725906,461939.450451418,3590675.36063320
660,34,28.79521202,0,13,0.028795212,416802.472773117,3628558.02443577
661,34,32.80506556,0,12,0.032805066,416710.210722069,3628749.30738291
662,34,16.7809983,0,10,0.016780998,416554.034147047,3628872.25186144
663,34,26.54753477,1,11,0.026547535,416834.989096169,3628856.57544411
664,34,8.281653081,0,9,0.008281653,416422.087201370,3628933.27329816
665,34,33.74499956,0,8,0.033745,416288.618280963,3629043.71457588
666,34,21.80227408,0,7,0.021802274,416106.353238487,3629059.60046117
667,34,9.602414583,0,6,0.009602415,416172.889223907,3629156.58686167
668,34,54.33818934,0,4,0.054338189,416568.854985086,3629115.84278877
669,34,13.47733476,0,5,0.013477335,416051.479785728,3629264.41096349
670,34,53.56796909,1,2,0.053567969,416491.626538042,3629355.78610716
671,34,64.82801901,0,3,0.064828019,416239.014777242,3629336.44802658
672,34,61.42390177,0,1,0.061423902,416838.737495210,3629436.39992418
673,11,43.17784351,0,27,0.043177844,410970.378689334,3624908.02648429
674,11,48.75190393,0,25,0.048751904,410798.568289996,3625048.74388336
675,11,34.51061547,1,26,0.034510615,410978.771728223,3625122.86528782
676,11,31.36681765,0,24,0.031366818,410997.987351688,3625381.04532121
677,11,52.73975211,0,23,0.052739752,410793.845217251,3625391.25778783
678,11,48.51958208,1,22,0.048519582,410968.079914569,3625692.29294517
679,11,52.76925284,0,21,0.052769253,410797.245629926,3625816.64692960
680,11,82.38318869,1,20,0.082383189,410921.598428611,3626173.36066070
681,11,24.40357528,0,17,0.024403575,411169.622340329,3626594.14115609
682,11,36.96479364,0,19,0.036964794,410747.039375409,3626574.39690036
683,11,53.19895413,1,18,0.053198954,410961.556028199,3626577.14681818
684,11,38.60042868,0,16,0.038600429,411045.017285392,3626761.38526529
685,11,29.97109237,0,10,0.029971092,410740.556388861,3626922.41530793
686,11,56.15859994,1,15,0.0561586,411578.221507406,3626917.10881636
687,11,50.58921567,1,13,0.050589216,411117.340918185,3627017.21077649
688,11,93.57653565,0,14,0.093576536,411312.858613282,3626998.00700056
689,11,39.98060256,0,9,0.039980603,410716.955516460,3627162.05501071
690,11,54.31026647,0,11,0.054310266,411165.307580541,3627356.51734498
691,11,51.30653181,0,12,0.051306532,411413.839890404,3627349.56146877
692,11,33.14084408,0,8,0.033140844,410705.264569233,3627416.46748938
693,11,33.5442121,1,7,0.033544212,410694.843624895,3627668.06022606
694,11,52.38772973,0,3,0.05238773,411068.832765269,3627741.10131732
695,11,55.86133166,0,6,0.055861332,411508.982464742,3627816.53169699
696,11,38.27776733,1,5,0.038277767,411422.267804624,3628018.11240652
697,11,83.01058758,1,2,0.083010588,410951.474063220,3627998.43785412
698,11,65.4648343,1,4,0.065464834,411334.566599834,3628265.97621722
699,11,68.70436784,0,1,0.068704368,410815.076098389,3628263.46847443
701,3,27.54618064,0,7,0.027546181,364673.908120905,3663176.92719754
702,3,24.4605092,1,6,0.024460509,364866.282620133,3663179.85303199
703,3,21.58591268,0,5,0.021585913,365033.060793602,3663184.72735591
704,3,30.27103041,0,22,0.03027103,365207.486070281,3663192.22679495
705,3,27.19637176,1,4,0.027196372,365023.352266225,3663365.69647374
706,3,29.94828301,0,21,0.029948283,365189.154953694,3663369.34986015
707,3,36.89846967,1,3,0.03689847,365081.265276965,3663550.57770917
708,3,28.88106555,0,2,0.028881066,364887.889360984,3663570.54733211
709,3,32.28693614,0,1,0.032286936,364701.718126778,3663602.89081306
710,3,39.78669797,0,19,0.039786698,365787.928319447,3663795.91089235
711,3,42.35520454,1,20,0.042355205,366030.739541078,3663791.14718407
712,3,36.17037912,0,17,0.036170379,365265.553256612,3664052.16532967
713,3,45.30480779,0,18,0.045304808,365777.289601955,3663997.52397393
714,3,27.01043662,0,16,0.027010437,365045.513900175,3664071.87427955
715,15,38.53228899,0,13,0.038532289,468252.530471568,3600976.41222886
716,15,26.60728887,0,12,0.026607289,468258.059175232,3601195.71685158
717,15,78.23522977,0,14,0.07823523,468443.291133212,3601057.50497369
718,15,46.18212148,0,11,0.046182121,468827.126097736,3601369.63593879
719,15,46.10344695,0,10,0.046103447,468632.420032027,3601384.36760524
720,15,56.72736184,0,9,0.056727362,468391.672840115,3601647.79697565
721,15,19.52538839,0,8,0.019525388,468634.769600349,3601907.95952208
722,15,23.41588757,0,7,0.023415888,468307.038848240,3602210.09447454
723,15,26.18705623,0,6,0.026187056,468489.616392579,3602217.56753191
724,15,23.6338097,0,5,0.02363381,468329.333562728,3602344.51884647
725,15,40.79874366,0,4,0.040798744,468537.309130923,3602435.89811311
726,15,29.98694185,0,3,0.029986942,468371.158492574,3602522.56245755
727,15,41.21582031,0,2,0.04121582,468590.673831638,3602681.24491660
728,15,32.62578952,0,1,0.03262579,468419.732235435,3602716.48132002
729,13,37.42254779,0,4,0.037422548,447880.217122949,3593254.98993861
730,13,30.23842457,0,2,0.030238425,447423.954218697,3593271.81378693
731,13,32.48910743,0,3,0.032489107,447583.445333165,3593308.88065304
732,13,50.36200111,0,1,0.050362001,447271.903118320,3593354.04134671
733,24,77.33114119,0,61,0.077331141,442527.638666236,3598000.16201955
734,24,42.72255213,0,59,0.042722552,442089.643631884,3598249.54774464
735,24,73.68796148,0,60,0.073687961,442589.385797006,3598326.53803272
736,24,85.76682231,0,58,0.085766822,442174.631853693,3598449.11426467
737,24,60.39866509,0,62,0.060398665,442556.227620410,3598538.55993594
738,24,85.04323393,0,57,0.085043234,442174.347304669,3598675.51206758
739,24,17.9243489,0,56,0.017924349,441652.062962190,3598898.24995337
740,24,53.25415262,0,54,0.053254153,441654.384021828,3599105.99192279
741,24,67.58803558,0,55,0.067588036,441843.987300938,3599068.13840132
742,4,43.8379333,1,17,0.043837933,370244.609873072,3660356.84852167
743,4,16.80746141,1,16,0.016807461,370084.962591636,3660461.46095905
744,4,14.85261432,0,15,0.014852614,370087.757788298,3660625.45975253
745,4,31.40128448,0,13,0.031401284,370226.095085789,3660711.23048507
746,4,54.62148177,1,14,0.054621482,370355.411182490,3660619.47516108
747,4,25.00001971,1,12,0.02500002,370244.307817283,3660907.08296467
748,4,33.65057701,0,11,0.033650577,370096.932720908,3660944.69927485
749,4,48.14562979,1,10,0.04814563,370415.702735262,3660986.68356774
750,4,27.04173811,0,9,0.027041738,370409.238725318,3661228.50277788
751,4,24.71074527,1,8,0.024710745,370378.221524933,3661429.74681285
752,4,37.40243981,1,7,0.03740244,370339.434474250,3661688.95402049
753,4,22.87022286,1,6,0.022870223,362467.773661744,3662199.33833573
754,4,14.54944861,0,5,0.014549449,362474.487951305,3662338.61452262
755,4,14.61570335,1,4,0.014615703,362470.583328741,3662441.05542086
756,4,36.98848426,1,3,0.036988484,362496.543933220,3662581.99585297
757,4,34.04351131,1,2,0.034043511,360351.748822590,3663169.81144385
758,4,19.92236212,0,1,0.019922362,360349.624737504,3663336.69232854
759,35,45.24320088,0,7,0.045243201,373481.515803066,3665314.47196461
760,35,45.70300979,0,6,0.04570301,373481.843447747,3665451.11749803
761,35,44.09503899,0,5,0.044095039,373484.550282653,3665588.43766716
762,35,37.7188489,0,4,0.037718849,373485.548926126,3665723.25762716
763,35,17.65932608,0,3,0.017659326,373578.899588056,3665852.79878297
764,35,18.03020678,0,2,0.018030207,373399.348008867,3665857.87614807
765,35,35.55915279,1,1,0.035559153,373497.712645453,3665971.86982310
766,14,17.70424373,0,9,0.017704244,358403.773930998,3667090.55912225
767,14,24.94574733,1,25,0.024945747,359451.511361382,3667110.16640454
768,14,27.42350313,0,10,0.027423503,358521.046091857,3667169.84335097
769,14,26.11496951,0,7,0.02611497,358261.405294306,3667204.73928776
770,14,23.57056505,0,24,0.023570565,359439.710021463,3667273.07101375
771,14,26.17609251,0,8,0.026176093,358351.976501029,3667309.12082021
772,14,81.37222907,1,26,0.081372229,359215.573387116,3667153.10330970
773,14,28.75342468,0,5,0.028753425,358092.145884019,3667350.37531850
774,14,27.22084427,0,6,0.027220844,358183.087437229,3667445.04395424
775,14,12.23153401,0,27,0.012231534,358879.972767946,3667446.73209033
776,14,47.084071,0,23,0.047084071,359451.107344480,3667474.86807702
777,14,26.13728389,0,2,0.026137284,358073.736770750,3667611.31879062
778,14,25.37494121,0,4,0.025374941,358257.530455822,3667614.17144344
779,14,19.95340388,0,28,0.019953404,358742.160163234,3667633.36563910
780,14,51.01287667,1,1,0.051012877,357874.175587122,3667581.30848303
781,14,11.43871765,0,3,0.011438718,358282.407762185,3667729.27031357
782,14,34.85923653,0,20,0.034859237,359140.978504027,3667687.23806654
783,14,22.57730848,0,21,0.022577308,359327.770087442,3667671.07365368
784,14,14.67390193,0,22,0.014673902,359468.883222177,3667725.84796004
785,14,42.8443497,1,19,0.04284435,359337.830126088,3667893.96447747
786,14,20.34001537,0,17,0.020340015,358880.049259624,3667920.98674398
787,14,44.71150741,0,18,0.044711507,359083.474025341,3667894.92612892
789,14,42.56888084,0,15,0.042568881,359085.440641530,3668081.88338666
790,14,46.73007074,0,14,0.046730071,358819.473477651,3668085.53523226
791,14,43.0461092,0,16,0.043046109,359340.176808905,3668078.12192596
792,14,23.18741775,0,12,0.023187418,359138.040281214,3668248.46301454
793,14,48.40335296,1,13,0.048403353,359356.929130667,3668263.02328508
794,14,49.36951378,0,11,0.049369514,359378.172234286,3668435.28720281
795,28,35.24896733,0,9,0.035248967,358429.991704401,3669074.50383737
796,28,27.26867354,0,8,0.027268674,358629.154521460,3669093.55237207
797,28,29.05890626,0,10,0.029058906,358216.293815310,3669103.35045203
798,28,35.54272598,0,7,0.035542726,358823.620416811,3669154.48893319
799,28,24.28452001,0,3,0.02428452,358225.028701607,3669292.39195305
800,28,31.59602952,0,4,0.03159603,358382.559068569,3669262.39860161
801,28,21.09360179,0,5,0.021093602,358522.141719700,3669285.83323707
802,28,16.21434815,0,6,0.016214348,358676.904078525,3669310.56213921
803,36,24.07024957,0,9,0.02407025,358460.891904323,3670388.11966679
804,36,23.37735561,0,7,0.023377356,358460.806719441,3670535.23637569
805,36,29.14651639,0,10,0.029146516,358616.031468428,3670461.42730985
806,36,55.84352665,0,8,0.055843527,358264.135896622,3670463.78507149
807,36,14.62397654,0,4,0.014623977,358842.605085565,3670657.82576259
808,36,16.67268874,0,5,0.016672689,358655.293191952,3670661.80710858
809,36,34.13261467,0,6,0.034132615,358457.781971987,3670717.78961329
810,36,49.00875082,0,2,0.049008751,358642.398132234,3670856.37416685
811,36,25.22715832,0,1,0.025227158,358456.836535532,3670912.80109910
812,36,49.86312565,0,3,0.049863126,358834.670819247,3670852.08788884
813,5,39.3975217,0,9,0.039397522,354657.461569403,3670550.91425676
814,5,38.78692888,0,8,0.038786929,354869.979692759,3670679.74828483
816,5,52.29057684,0,7,0.052290577,354644.549472303,3670763.77060702
817,5,22.51179904,0,10,0.022511799,355087.422490844,3670761.24030175
818,5,21.4501632,0,6,0.021450163,354876.330530002,3670936.92995524
819,5,66.80398726,1,5,0.066803987,354619.962004993,3670962.01407290
820,5,55.41350671,0,4,0.055413507,354582.395473637,3671135.67613810
821,5,45.13815644,0,3,0.045138156,354802.319777154,3671256.63853898
822,5,44.73599799,0,2,0.044735998,354997.459438502,3671303.58041600
823,5,68.40981592,0,1,0.068409816,355196.422079789,3671634.38098520
824,26,21.79895524,0,4,0.021798955,356701.104464282,3673176.65630369
825,26,33.36171956,0,5,0.03336172,356929.582555862,3673182.61947061
826,26,25.46305468,0,1,0.025463055,356189.161216642,3673417.47053718
827,26,25.15663148,0,2,0.025156631,356357.409508934,3673400.65323767
828,26,26.48265919,0,3,0.026482659,356494.082291710,3673383.28284338
829,22,49.17533649,1,4,0.049175336,355239.474716516,3674158.75982079
830,22,62.02837484,0,3,0.062028375,355190.375310517,3674392.55248769
831,22,17.20247018,0,1,0.01720247,355271.690366358,3674656.77774929
832,22,53.96667051,0,2,0.053966671,355089.614834561,3674603.13445076
833,12,21.29350245,0,4,0.021293502,353822.227819057,3675298.50170731
834,12,22.15021633,1,5,0.022150216,353922.820001934,3675298.37410305
835,12,22.87788441,0,3,0.022877884,353855.257579905,3675495.03507934
836,12,23.71819137,0,2,0.023718191,353844.145526837,3675625.03701362
837,12,38.2311231,1,7,0.038231123,354060.813731260,3675565.27695949
838,12,48.22042174,0,1,0.048220422,353828.731501275,3675821.82399425
839,12,45.53558615,1,6,0.045535586,354051.350420802,3675822.36153693
840,25,24.50600285,0,11,0.024506003,358513.698420371,3674260.99993180
841,25,14.82290578,0,12,0.014822906,358674.725136446,3674286.01430908
842,25,44.42637636,0,10,0.044426376,358427.010682687,3674416.97866661
843,25,52.74439723,0,9,0.052744397,358903.898876630,3675492.70800201
844,25,47.23324322,0,8,0.047233243,358730.627929118,3675728.65191895
845,25,27.85710603,0,6,0.027857106,359155.076339309,3676091.12582111
846,25,25.26136498,1,7,0.025261365,359322.541789885,3676079.77178211
847,25,18.05129106,0,3,0.018051291,359114.096544641,3676246.10699526
848,25,19.45480493,0,4,0.019454805,359256.920467315,3676246.28748754
849,25,19.44177485,0,5,0.019441775,359403.847690620,3676249.23408754
850,25,33.72559639,0,1,0.033725596,359196.194882910,3676389.47821692
851,25,12.56558887,0,2,0.012565589,359424.479273136,3676389.29994615
852,25,29.67075596,0,0,0.029670756,359185.285788520,3676505.48956200
853,29,38.73456344,0,3,0.038734563,361285.022919986,3674836.54830509
854,29,14.14660194,0,1,0.014146602,361156.893427720,3675036.12166102
855,29,25.4534912,0,2,0.025453491,361382.717232931,3674959.83953821
856,7,39.81292984,0,3,0.03981293,355268.608728253,3677696.54048310
857,7,30.60908109,0,1,0.030609081,355058.062409572,3677798.58942434
858,7,35.42126228,0,2,0.035421262,355230.243246848,3677892.34105093
859,2,34.19822157,0,9,0.034198222,363019.787755122,3681027.35117983
860,2,37.50788395,0,10,0.037507884,363203.906792880,3681021.79303992
861,2,18.56406624,0,7,0.018564066,362982.201634504,3681238.68973454
862,2,18.40506137,0,8,0.018405061,363083.152155016,3681240.85838942
863,2,39.30884987,1,6,0.03930885,363030.456353692,3681455.70442556
864,2,35.00995453,0,4,0.035009955,362480.770592231,3682621.95017095
865,2,27.82790212,0,5,0.027827902,362763.354094695,3682626.04140906
866,2,17.21409794,0,2,0.017214098,362711.584548552,3682785.01653795
867,2,45.88783503,0,1,0.045887835,362490.761354590,3682780.07726202
868,2,17.5275643,0,3,0.017527564,362846.143873956,3682788.46680725
869,1,39.16691686,0,14,0.039166917,449074.161909338,3601335.93016663
870,1,37.17888371,0,13,0.037178884,449074.725088841,3601540.33095581
871,1,50.94949274,1,12,0.050949493,448567.338976288,3601606.71471892
872,1,33.19046723,0,11,0.033190467,449077.436464767,3601730.09918483
873,1,37.74041469,0,10,0.037740415,448840.489237244,3601734.55800063
874,1,37.51248156,1,8,0.037512482,448834.196111609,3601915.13159498
875,1,33.3489931,1,9,0.033348993,449068.561131324,3601912.97668236
876,1,33.04593411,0,6,0.033045934,448807.483945145,3602104.45432872
877,1,44.18609542,0,7,0.044186095,449023.038019494,3602104.63647672
878,1,35.13208468,0,4,0.035132085,449454.351558150,3602135.33771767
879,1,43.76178954,1,5,0.04376179,449017.747989844,3602298.45858930
880,1,28.98318875,0,2,0.028983189,449266.013617864,3602287.67644316
881,1,34.6777,0,3,0.0346777,449457.778594453,3602307.89650791
882,1,32.02279664,0,1,0.032022797,449343.598162517,3602490.46474071
883,1,60.98117399,1,22,0.060981174,452620.611545122,3605366.06875189
884,1,59.90974229,0,21,0.059909742,452433.132741203,3605375.41867129
885,1,28.18497521,0,17,0.028184975,452064.179835251,3605522.98356253
886,1,21.67173152,0,18,0.021671732,452212.551747149,3605581.66753722
887,1,34.57496007,0,20,0.03457496,452616.479748519,3605651.68350865
888,1,34.84945214,0,19,0.034849452,452422.202270522,3605659.06276807
889,1,47.07987404,1,16,0.047079874,452232.714354024,3605800.64446118
890,1,32.0393705,1,15,0.03203937,452060.848279410,3605802.50642600
891,16,42.9841092,0,25,0.042984109,366197.649122845,3673667.37579669
892,16,8.350707508,0,23,0.008350708,366316.699540478,3673885.71371301
893,16,8.532072647,0,24,0.008532073,366420.879765476,3673904.99985978
894,16,50.60155345,0,20,0.050601553,366115.079499272,3673929.92802037
895,16,25.09400264,0,21,0.025094003,366289.049051730,3674010.65276132
896,16,25.73316494,0,22,0.025733165,366474.599865765,3673994.99001045
897,16,9.213989811,0,26,0.00921399,367058.859138383,3674350.22210188
898,16,13.6534147,0,15,0.013653415,366870.657430387,3674352.83359201
899,16,18.99323436,0,16,0.018993234,366966.945400159,3674346.75606910
900,16,19.91581095,1,13,0.019915811,366856.672961640,3674542.35949048
901,16,30.83505509,0,14,0.030835055,367010.293040325,3674534.54614409
902,16,10.22475047,0,27,0.01022475,366850.755986583,3674690.17723225
903,16,22.28277454,0,19,0.022282775,365885.623153257,3674859.12582122
904,16,22.77437276,0,17,0.022774373,365858.383838156,3674992.57738436
905,16,19.17292462,0,18,0.019172925,366051.203913182,3674992.99790718
906,16,35.09504362,0,12,0.035095044,366840.872919419,3674903.12836656
907,16,30.39260697,0,11,0.030392607,366649.049188434,3674966.82268216
908,16,20.7711734,0,4,0.020771173,366384.292241122,3675180.06927034
909,16,21.02665525,0,3,0.021026655,366387.028011386,3675368.23085822
910,16,46.2259274,0,8,0.046225927,366664.874628559,3675270.90976985
911,16,50.26500335,0,7,0.050265003,366525.182064223,3675273.39250186
912,16,47.99822896,0,10,0.047998229,366838.305846118,3675271.60723542
913,16,19.67874242,0,2,0.019678742,366390.564629996,3675560.83623251
914,16,17.99844326,0,1,0.017998443,366397.014455265,3675737.34235702
915,16,47.15285779,0,6,0.047152858,366670.508966304,3675654.60498646
916,16,49.79231553,1,5,0.049792316,366530.482603914,3675654.73854549
917,16,46.12733254,0,9,0.046127333,366843.577708560,3675647.50858688
918,27,57.87525495,0,140,0.057875255,467635.872498683,3583578.11332389
919,27,41.1463285,0,139,0.041146328,467411.196242527,3583623.63695949
920,27,32.11609278,0,138,0.032116093,467230.431493701,3583649.65306189
921,27,41.13718291,1,137,0.041137183,467041.714601362,3583699.40167114
922,27,14.07029131,0,136,0.014070291,466890.950704602,3583718.68152362
923,27,15.37729411,0,134,0.015377294,466807.184903308,3583822.93419355
924,27,19.81215531,0,135,0.019812155,466709.653538796,3583855.18219872
925,27,37.24422891,0,133,0.037244229,466996.446955962,3583880.33540785
926,27,31.93283112,0,132,0.031932831,467235.018837271,3583861.23562058
927,27,61.01423836,0,130,0.061014238,467622.426652545,3583860.46582528
928,27,56.59593408,0,131,0.056595934,467420.061553486,3583884.74557878
929,27,89.02509233,0,129,0.089025092,467545.240390822,3584179.75999653
