OBJECTID,FarmNum,PondNum,PRES_ABS,PondRoost_Dist,ShapeArea,PondLong,PondLat
40,27,90,1,27.93046755,0.038202908,-87.3782491,32.36013187
41,27,89,1,28.07236804,0.04353302,-87.37927165,32.36119682
42,27,108,0,27.47615283,0.063169564,-87.37226412,32.36147718
43,27,107,1,27.67373476,0.06764484,-87.37432391,32.36133795
44,27,88,1,28.18364321,0.040312598,-87.37984357,32.36273578
45,27,109,1,27.15298747,0.087165322,-87.36920134,32.36244522
46,27,106,0,27.93858661,0.060077287,-87.37671469,32.36330049
47,27,87,0,28.32288815,0.037745926,-87.38082074,32.36436253
48,27,110,1,27.24688016,0.038902374,-87.36907396,32.36487815
49,27,85,0,28.64798903,0.016907035,-87.38372549,32.36528601
50,27,105,1,28.10418071,0.041420617,-87.37809679,32.36561611
51,27,86,1,28.46338042,0.065524166,-87.38212458,32.36629699
52,27,112,0,27.61023345,0.061777683,-87.37244617,32.36692577
53,27,104,0,27.99209259,0.066465628,-87.37635084,32.36725118
54,27,111,0,27.43947206,0.04180324,-87.37006855,32.36711286
55,27,103,1,28.29327814,0.044325482,-87.37961372,32.36757176
56,27,101,0,28.25575848,0.02509146,-87.37828887,32.36884756
57,27,68,1,26.6991892,0.047029406,-87.36150989,32.36887257
58,27,84,1,28.66554861,0.059485454,-87.3834819,32.36879931
59,27,102,0,28.01350271,0.050015417,-87.37552772,32.36960758
60,27,64,0,27.24407079,0.026272916,-87.36651371,32.37022986
61,27,67,0,26.61233402,0.039919038,-87.35965509,32.37018143
62,27,66,0,26.85201816,0.027945277,-87.36186366,32.37071916
63,27,100,0,28.49992383,0.053147671,-87.38097767,32.36994213
64,27,63,0,27.47068989,0.0138071,-87.36820747,32.37140826
65,27,61,0,26.87123191,0.021816338,-87.36192444,32.37182577
66,27,65,0,27.10345436,0.048055162,-87.36552807,32.37144136
67,27,83,1,28.86895594,0.050440856,-87.3846856,32.37118613
68,27,116,0,28.46170267,0.049018047,-87.37980781,32.37156384
69,27,60,0,27.11340415,0.034543417,-87.36459971,32.37252603
70,27,99,0,28.7093227,0.037203466,-87.38257098,32.37227058
71,27,58,1,26.69799401,0.03643116,-87.35951467,32.37245796
72,27,57,0,26.87460993,0.036887752,-87.36154298,32.3730944
73,27,115,0,28.42047466,0.044047493,-87.37843434,32.37306001
74,27,59,0,27.41977095,0.030566318,-87.36745253,32.37344713
75,27,62,0,27.57621216,0.031090924,-87.36957184,32.37338236
76,27,56,0,27.13666994,0.040979319,-87.36425085,32.37386183
77,27,82,1,29.07369815,0.047408406,-87.38597865,32.37397123
78,27,114,0,28.28759873,0.052708915,-87.37697411,32.37483173
79,27,55,0,27.41705816,0.039077544,-87.36689993,32.37472583
80,27,80,1,29.42670402,0.027113766,-87.38923168,32.37481645
81,27,98,0,28.90306299,0.047734861,-87.38368952,32.37489527
82,27,113,0,28.46095898,0.033245572,-87.3778369,32.37639964
83,27,54,1,27.68594277,0.034661105,-87.36984191,32.37604101
84,27,79,0,29.56186593,0.023867756,-87.38994216,32.3765791
85,27,96,0,28.78497072,0.012895179,-87.38059472,32.37698892
86,27,81,0,29.27585744,0.050441807,-87.38742823,32.37645036
87,27,97,1,28.88149846,0.064278515,-87.38230281,32.37683509
88,27,93,0,29.094438,0.046935734,-87.38506028,32.37739604
89,27,94,0,29.10356443,0.028619277,-87.38397147,32.37886792
90,27,53,0,28.08210724,0.076200197,-87.37288927,32.37850851
91,27,78,0,29.49771953,0.038624095,-87.38876895,32.37864194
92,27,92,0,29.36463381,0.042141541,-87.38676345,32.37986482
93,27,95,1,28.86640891,0.057146954,-87.38125219,32.37983884
94,27,51,0,28.28767214,0.046614952,-87.37496176,32.38014623
95,27,52,0,28.08333415,0.035397338,-87.37201034,32.38062155
96,27,126,1,25.48117674,0.074637236,-87.34272052,32.38237622
97,27,50,1,28.52718771,0.047712732,-87.37663663,32.3823952
98,27,127,0,26.03433792,0.039185961,-87.34809488,32.38230436
99,27,128,1,26.27978981,0.09677425,-87.35190969,32.3827044
100,27,91,1,29.38490271,0.051702527,-87.38528175,32.38279657
101,27,49,1,28.39463854,0.05042286,-87.37374067,32.38460186
102,27,125,0,25.79969506,0.079780175,-87.34498159,32.38430583
103,27,48,1,28.11287918,0.10495143,-87.37040286,32.38510571
104,27,47,0,28.29831776,0.0224777,-87.3711151,32.38698293
105,27,124,0,26.07709494,0.066247068,-87.34646581,32.38653426
106,27,29,1,28.98293314,0.022560762,-87.3788851,32.38744619
107,27,46,0,28.131469,0.025342148,-87.36892288,32.38778138
108,27,120,1,27.2254398,0.020286603,-87.35850068,32.38785972
109,27,123,0,26.27292577,0.05886705,-87.34943865,32.38744246
112,27,30,0,28.6898573,0.041835802,-87.37519136,32.38853808
114,27,45,1,28.1388728,0.039900354,-87.36883118,32.38923871
115,27,121,1,26.92988052,0.092874246,-87.35630042,32.38754005
116,27,122,0,26.86828028,0.014248989,-87.35341189,32.38939625
119,27,117,1,27.6540093,0.032956929,-87.36272428,32.38994339
120,27,44,0,28.16524057,0.045521836,-87.36902016,32.39056726
121,27,118,0,27.41679958,0.038934863,-87.359911,32.39024022
122,27,43,0,28.14473445,0.006578526,-87.36686827,32.39125348
123,27,28,1,28.88973674,0.06559086,-87.37741051,32.39034124
124,27,119,1,27.06458014,0.074786125,-87.35652639,32.39059154
127,27,25,0,29.67380608,0.04807984,-87.38567338,32.39098718
130,27,42,0,28.27493263,0.034856224,-87.36917823,32.39200589
131,27,26,0,29.37102073,0.042443945,-87.38141276,32.39192302
132,27,41,1,28.19726354,0.031647992,-87.36731589,32.39305895
133,27,27,0,29.14040638,0.042686074,-87.37833022,32.39325461
134,27,33,1,28.58299659,0.067931237,-87.37228008,32.39321056
135,27,39,1,28.43208488,0.024877384,-87.36948584,32.39378822
138,27,40,0,28.30196033,0.032062519,-87.36765862,32.39491067
139,27,23,1,29.44934662,0.076231123,-87.38170311,32.39411654
140,27,22,1,29.24556961,0.04357946,-87.37874627,32.3955037
141,27,38,0,28.36355482,0.012675874,-87.36703082,32.39658217
142,27,36,0,28.55625765,0.031426686,-87.37036985,32.39595044
143,27,32,1,28.762745,0.04291741,-87.37272339,32.39608049
144,27,37,0,28.43168448,0.036026907,-87.36864795,32.39654949
145,27,16,1,29.92632277,0.049091165,-87.385788,32.39631393
146,27,21,1,29.2358111,0.036485741,-87.37754393,32.39682271
147,27,35,0,28.43251267,0.018123209,-87.36722425,32.39806496
148,27,34,0,28.57742708,0.012875058,-87.36854765,32.39854737
149,27,17,1,29.83493445,0.045959332,-87.3842694,32.39836096
150,27,31,0,28.90760536,0.027600896,-87.37268832,32.39847213
151,27,19,0,29.22283555,0.039779076,-87.37736997,32.39847645
152,27,20,0,29.11533863,0.039958639,-87.37510128,32.39910989
153,27,18,1,29.57882317,0.067159952,-87.38094458,32.399033
154,27,15,0,29.36349409,0.037485299,-87.37763098,32.40007018
155,27,14,0,29.55248968,0.019581518,-87.37858128,32.40124619
156,27,142,0,29.00399234,0.059202074,-87.37350101,32.40072849
157,27,141,0,28.89433413,0.048199204,-87.37161723,32.40103264
158,27,13,0,29.35194807,0.037459805,-87.37661604,32.40184927
159,27,12,0,29.67933354,0.048781822,-87.37963562,32.40389986
160,27,11,1,29.51147483,0.060204279,-87.37538502,32.4090703
161,27,9,1,29.09209811,0.102146278,-87.37039364,32.40913421
162,27,8,1,29.43143273,0.042774265,-87.37289236,32.40994833
163,27,10,0,29.86603613,0.06713167,-87.37796522,32.41037934
164,27,7,1,29.62056751,0.049692343,-87.37451647,32.41120694
165,27,4,1,29.38572891,0.046840316,-87.3713632,32.4116518
166,27,6,1,29.81950867,0.052783755,-87.37615737,32.41236414
167,27,3,0,29.56080406,0.064275738,-87.37261086,32.41326296
168,27,5,0,30.02081085,0.052559917,-87.37788049,32.41352693
169,27,2,1,29.76803172,0.04932675,-87.37441525,32.41429765
170,27,1,1,29.9829855,0.049863384,-87.3763033,32.41539589
171,8,13,0,31.83540813,0.032721804,-87.42919454,32.44150071
172,8,15,0,32.24411853,0.054547307,-87.42413555,32.44164909
173,8,14,0,31.94413045,0.05618433,-87.42665081,32.4419442
174,8,12,0,32.12948931,0.053597035,-87.4242149,32.44397536
175,8,11,0,31.89769163,0.058446397,-87.42670732,32.44412614
176,8,10,0,31.66671214,0.055074826,-87.42924208,32.44437473
177,8,9,1,31.70185701,0.025473162,-87.42811717,32.44729213
178,8,8,0,31.54461413,0.027958845,-87.42976665,32.44751629
179,8,6,0,31.25072981,0.029416441,-87.43293317,32.4476716
180,8,7,0,31.36877247,0.027173135,-87.43134288,32.44778551
181,8,1,0,30.9588261,0.019678721,-87.43600774,32.44829718
182,8,5,0,31.66445298,0.023600121,-87.42772581,32.44882207
183,8,4,0,31.48440258,0.026565401,-87.42948898,32.44922432
184,8,3,0,31.21024272,0.042600177,-87.43162109,32.44969022
185,8,2,1,30.99799138,0.044581508,-87.433887,32.44995085
186,10,5,0,21.58890027,0.034558423,-87.50469589,32.5638536
187,10,4,1,21.62001893,0.029097113,-87.50431056,32.56545607
188,10,2,0,21.20939788,0.068376662,-87.5084174,32.56572343
189,10,3,0,21.45296555,0.052504714,-87.50624601,32.56574634
190,10,6,0,21.49357042,0.018107634,-87.50605726,32.5678343
191,10,7,1,21.28291924,0.019952687,-87.50788067,32.56789258
192,10,1,0,20.94319606,0.052895922,-87.51166655,32.5674361
193,33,24,0,7.830928476,0.031211691,-87.65263719,32.55440091
194,33,26,0,7.461065669,0.038303308,-87.65597292,32.55505802
195,33,23,0,7.821102099,0.035969062,-87.65220159,32.55681672
196,33,25,1,7.234583551,0.040425788,-87.65821217,32.55724312
197,33,22,1,7.630915572,0.030397273,-87.65408996,32.5579554
198,33,21,0,7.381930297,0.03184633,-87.65614801,32.55968478
199,33,20,1,7.937852048,0.062728033,-87.6499842,32.56284393
200,33,19,0,7.979022112,0.050699577,-87.64929576,32.56495101
201,33,5,0,10.13345546,0.018829382,-87.62735528,32.5670615
202,33,18,0,7.835483719,0.054234136,-87.65124878,32.5663324
203,33,11,0,9.767713863,0.027539699,-87.63083679,32.56722359
204,33,10,0,9.941580334,0.039081857,-87.62901831,32.5671126
205,33,12,1,9.554149929,0.036161389,-87.63271618,32.56759415
206,33,17,0,8.115703005,0.086436676,-87.64748122,32.5672342
207,33,4,0,10.02862269,0.034656522,-87.62788656,32.56921509
208,33,16,1,8.837420168,0.029259836,-87.6406976,32.56972945
209,33,9,0,9.536807341,0.035678859,-87.6325749,32.57043895
210,33,8,0,9.74666841,0.036059293,-87.63073751,32.57070447
211,33,3,1,9.99187788,0.039409632,-87.62807426,32.57108309
212,33,15,0,8.914968188,0.037774334,-87.6396787,32.57177925
213,33,2,0,9.993410411,0.041576396,-87.62824644,32.57291226
214,33,7,0,9.769233104,0.040139525,-87.63068351,32.57333216
215,33,13,0,9.103731375,0.030196429,-87.63820127,32.57421056
216,33,6,1,9.63491669,0.023640049,-87.6328751,32.57425322
217,33,14,0,8.856792663,0.059206315,-87.64050298,32.5738288
218,33,1,1,9.961715387,0.058793917,-87.62852103,32.57475761
219,24,28,0,6.198173669,0.022220124,-87.66984781,32.57671117
220,24,26,0,6.207649267,0.014959854,-87.67032812,32.57797489
221,24,27,0,6.332877925,0.008871548,-87.6690909,32.57797254
222,24,25,0,5.923692281,0.071406928,-87.67252191,32.57733398
223,24,30,0,6.652318911,0.055647992,-87.66477656,32.57742002
224,24,29,0,6.38259825,0.07062238,-87.66732967,32.57733735
225,24,53,1,5.570341522,0.020827205,-87.67698253,32.57838075
226,24,21,1,5.943901506,0.016516933,-87.67322548,32.5792017
227,24,22,0,6.127192868,0.042575714,-87.67075532,32.57938827
228,24,24,0,6.809590039,0.042292172,-87.66376726,32.57983691
229,24,23,0,6.450576884,0.083077164,-87.6667752,32.57976329
230,24,16,1,6.039824957,0.065597969,-87.67105054,32.5811136
231,24,20,0,5.846878192,0.032829225,-87.67485645,32.58076326
232,24,19,0,6.867580553,0.072978152,-87.66305878,32.58204304
233,24,18,0,6.565661057,0.072236913,-87.66640647,32.58199944
234,24,15,1,6.059066628,0.025757894,-87.67225384,32.58201206
235,24,17,0,6.427795124,0.015601951,-87.66898103,32.58263669
236,24,52,1,7.520813052,0.011234644,-87.65695087,32.58311953
237,24,51,1,7.716611748,0.05444774,-87.65424719,32.58378703
238,24,50,1,8.036080342,0.061269075,-87.65102084,32.58389544
239,24,49,0,7.943149344,0.03675036,-87.65247698,32.58577425
240,24,31,1,7.345553483,0.044079332,-87.65973188,32.58585962
241,24,47,0,8.26687075,0.057740744,-87.64943639,32.58643369
242,24,45,0,8.502908192,0.076423976,-87.64653255,32.58632584
243,24,32,0,7.469324044,0.087806088,-87.65778086,32.58564965
244,24,34,0,7.70308943,0.064251194,-87.6555393,32.58664269
245,24,48,0,8.14075095,0.03592782,-87.65147952,32.5876378
246,24,33,0,7.608846991,0.048415347,-87.65744009,32.5886538
247,24,44,0,8.577731282,0.067880211,-87.64645158,32.58884378
248,24,35,0,7.895203503,0.06452334,-87.65498026,32.58967353
249,24,46,1,8.342757767,0.061194805,-87.64919883,32.58906195
250,24,38,0,8.098502465,0.061714925,-87.6529165,32.59019408
251,24,43,1,8.650591838,0.063175614,-87.64646594,32.59096412
252,24,36,0,7.943689589,0.050119802,-87.65569044,32.59249698
253,24,37,0,8.135987451,0.043747146,-87.65364606,32.59266515
254,24,39,0,8.382544724,0.076514541,-87.65078016,32.59240967
255,24,42,0,8.591410479,0.050487981,-87.64855776,32.59335525
256,24,12,0,6.001306229,0.018266435,-87.6804893,32.59571331
257,24,41,0,8.632476261,0.054571746,-87.64874458,32.59573452
258,24,40,0,8.42993667,0.072229379,-87.65117451,32.59578775
259,24,10,0,5.919664953,0.046160362,-87.68204458,32.59694635
260,24,9,0,5.690056987,0.012865677,-87.68595213,32.59713392
261,24,11,0,6.18899913,0.010615282,-87.67980772,32.59716824
262,24,6,0,5.68371191,0.088461461,-87.68552073,32.59883339
263,24,14,1,5.188331015,0.034139399,-87.69426085,32.59911422
264,24,5,1,5.389706938,0.081524799,-87.68990158,32.59911329
265,24,8,0,6.410133607,0.018508955,-87.67892588,32.59996055
266,24,7,1,6.076823324,0.113478251,-87.68109428,32.5994614
267,24,4,0,5.806164821,0.082198346,-87.6854575,32.6005851
268,24,13,1,5.329593679,0.054809122,-87.69317897,32.60078676
269,24,3,1,6.154726667,0.10242923,-87.68351793,32.60336752
270,24,2,1,5.971980754,0.091965411,-87.68601359,32.60351092
271,24,1,0,6.370230949,0.043998346,-87.68512095,32.60657327
272,21,54,0,16.48593549,0.04674943,-87.56424995,32.61691638
273,21,53,0,16.40504912,0.042350544,-87.56498276,32.6186487
274,21,52,0,15.93637756,0.092178035,-87.56917282,32.6212796
275,21,50,0,15.5818811,0.083377216,-87.57181875,32.62454071
276,21,51,0,15.81858094,0.068182314,-87.56956128,32.62505918
277,21,44,0,16.05758383,0.025746343,-87.56731914,32.62828943
278,21,30,0,16.96395208,0.05197552,-87.55675842,32.62822666
279,21,49,0,15.38478413,0.087801646,-87.57294761,32.62796361
280,21,41,0,17.30396479,0.05498594,-87.55294528,32.62849399
281,21,48,1,14.93913159,0.068400962,-87.57727324,32.62934493
283,21,43,0,15.97186825,0.052643811,-87.56716722,32.63033303
284,21,29,0,16.88893615,0.049863174,-87.55713215,32.63063218
285,21,46,0,15.77024862,0.046552789,-87.56957321,32.63062136
286,21,47,0,15.20396723,0.054943685,-87.57461299,32.63106881
287,21,40,1,17.15196878,0.059329221,-87.55349478,32.63115974
288,21,45,0,15.54218016,0.043681073,-87.57024334,32.63311023
289,21,42,0,15.90615398,0.049597524,-87.56717837,32.63270341
290,21,39,0,17.29004571,0.075482058,-87.55104288,32.63260549
291,21,28,1,16.81545212,0.033249269,-87.5573246,32.6330247
292,21,25,0,16.50602118,0.054276993,-87.55973731,32.63550273
293,21,27,0,16.76331147,0.036343903,-87.55728683,32.63570436
294,21,38,0,17.18254087,0.063932104,-87.55121166,32.63756904
295,21,24,0,16.40921422,0.064717705,-87.55994687,32.63827529
296,21,37,0,16.98562157,0.032397341,-87.55389204,32.6389985
297,21,26,0,16.69221496,0.069404189,-87.55668196,32.63934014
298,21,36,0,17.46766674,0.031186211,-87.54734764,32.64175131
299,21,22,1,16.13242515,0.062992963,-87.56258115,32.64117034
300,21,23,0,16.32476257,0.063610908,-87.56024101,32.6412947
301,21,35,0,17.25517318,0.03211659,-87.5502666,32.642193
302,21,34,0,17.0272342,0.034091591,-87.55239028,32.64228058
303,21,33,0,17.19880471,0.025616304,-87.55016977,32.64367459
304,21,21,0,16.28866737,0.045447874,-87.56037873,32.64401594
305,21,32,1,17.38085995,0.036430785,-87.54774674,32.6454091
306,21,19,0,16.16512182,0.047959627,-87.56091865,32.64644822
307,21,18,0,15.97472069,0.034267938,-87.56317307,32.64684156
308,21,31,1,16.98388833,0.070779121,-87.55092188,32.64668865
309,21,20,0,16.30870438,0.068532921,-87.55849833,32.64635016
310,21,11,1,16.08573876,0.071201773,-87.55996986,32.64979279
311,21,17,1,16.67389669,0.037322126,-87.55527925,32.64992768
312,21,16,0,16.50543255,0.03957576,-87.55700275,32.64992846
313,21,10,1,16.05897264,0.084322651,-87.56026034,32.65165884
314,21,14,0,16.47923404,0.038375566,-87.55695915,32.65250138
315,21,15,1,16.64264387,0.040017929,-87.55515513,32.6525977
316,21,9,0,16.05855258,0.080255564,-87.56001169,32.6536794
317,21,13,1,16.61767905,0.045999786,-87.55493826,32.65496779
318,21,12,0,16.45040091,0.036820358,-87.55699658,32.6550334
319,21,8,1,16.03315417,0.075186575,-87.5599621,32.65561491
320,21,6,0,15.91126789,0.157492993,-87.560176,32.6588182
321,21,7,0,16.29546388,0.073564342,-87.55731598,32.65963126
322,21,5,0,15.81961723,0.106058082,-87.56143692,32.6621834
323,21,4,0,15.78810585,0.071800878,-87.56247094,32.66458078
324,21,3,1,15.70186882,0.065303765,-87.56328457,32.66708346
325,21,2,1,16.07958551,0.084694578,-87.55946895,32.66776942
326,21,1,1,15.76679404,0.064120315,-87.56227919,32.66904383
327,18,29,0,10.84562495,0.047634468,-87.95331026,32.80850975
328,18,30,1,10.71636144,0.036271276,-87.95504527,32.8087043
329,18,28,1,11.04423243,0.036412603,-87.9513017,32.80930323
330,18,27,1,11.10392282,0.057479581,-87.9505857,32.81126389
331,18,26,0,11.04286188,0.046089739,-87.95164961,32.81295822
332,18,22,1,11.32569029,0.074970806,-87.94582848,32.81423935
333,18,25,0,11.26717599,0.028977785,-87.95085049,32.81529201
334,18,24,0,11.04457389,0.047875888,-87.9525013,32.81492683
335,18,23,1,10.96132722,0.039606801,-87.95395635,32.81617679
336,18,21,1,11.34542557,0.066692989,-87.94592005,32.81654504
337,18,20,1,11.46777411,0.047319028,-87.94876088,32.81710942
338,18,18,0,11.56596264,0.011560054,-87.94872279,32.81867988
339,18,11,0,11.17376634,0.037831989,-87.95237853,32.81855435
340,18,19,0,11.49444577,0.027854474,-87.94636805,32.81874103
341,18,17,1,11.04675576,0.039621056,-87.94192645,32.81985678
342,18,10,0,11.14053452,0.041344803,-87.95318259,32.82005976
343,18,14,0,11.64412895,0.014746228,-87.94770244,32.8204693
344,18,15,1,11.46186867,0.020573619,-87.94580988,32.82043225
345,18,16,0,11.33860829,0.016435696,-87.94419647,32.82037473
346,18,8,0,11.00064261,0.053070052,-87.95466402,32.82167204
347,18,9,0,11.33905218,0.048869027,-87.9518784,32.82221826
348,18,13,1,11.14578614,0.056240926,-87.9425369,32.82222253
349,18,12,1,11.37581176,0.104506991,-87.9478381,32.8223113
350,18,6,0,10.95187666,0.060648731,-87.95604027,32.82320406
351,18,7,0,11.32284959,0.051115442,-87.95249884,32.82414007
352,18,3,0,10.91254833,0.037321295,-87.95770974,32.82468684
353,18,4,0,11.14292647,0.019992696,-87.95563826,32.82482904
354,18,1,1,10.86600099,0.030111244,-87.95882006,32.82602317
355,18,2,1,11.11057238,0.019250103,-87.95662954,32.82601693
356,18,5,1,11.26743791,0.032191575,-87.95454972,32.8255785
357,32,2,1,20.45346464,0.040294268,-88.41762392,33.10675606
358,32,1,1,20.23913656,0.044792558,-88.41783264,33.10944071
359,19,8,0,19.16590969,0.014486489,-88.43636005,33.13996775
360,19,7,0,19.21605092,0.031272539,-88.43889978,33.14060482
361,19,6,0,19.2272148,0.036169758,-88.43959169,33.14181165
362,19,5,0,19.00328839,0.017053915,-88.44208311,33.14815451
363,19,4,0,18.92502504,0.017314585,-88.44207518,33.14932633
364,19,3,0,18.21428794,0.047883248,-88.44027419,33.15726456
365,19,2,0,18.15272485,0.018790083,-88.43994115,33.15865144
366,19,1,0,18.10070167,0.018954933,-88.4399478,33.15956359
367,20,12,0,26.84993466,0.047531997,-88.52929937,33.12980226
368,20,11,0,26.95375994,0.042610359,-88.53076393,33.13082201
369,20,10,0,26.90969034,0.04424279,-88.53169405,33.13204126
370,20,9,0,26.31472112,0.042835198,-88.52422506,33.13347327
371,20,8,0,26.42143402,0.043793181,-88.52612929,33.13428596
372,20,7,0,26.55197362,0.051135342,-88.5283068,33.13494386
373,20,6,0,26.71203733,0.049797875,-88.53052531,33.13502028
374,20,5,0,26.20605355,0.021627453,-88.52630765,33.13876092
375,20,4,0,26.18272784,0.016053497,-88.52646245,33.13977027
376,20,3,0,26.11827585,0.022822765,-88.52650456,33.14098768
377,20,2,0,26.05822665,0.021422026,-88.52651408,33.14229392
378,20,1,0,26.22389744,0.025781253,-88.52871169,33.14230887
379,30,4,1,27.69147177,0.035682777,-88.57572886,33.24837006
380,30,3,0,27.68035082,0.02149442,-88.57520405,33.25055309
381,30,2,1,27.80641757,0.026727021,-88.57709539,33.25082011
382,30,1,0,27.67043767,0.039749212,-88.57491831,33.25291458
383,9,8,0,16.68056949,0.017280856,-88.41015028,33.14835548
384,9,7,0,16.82327498,0.032197869,-88.41297357,33.14907341
385,9,6,0,16.65562016,0.035682282,-88.41176237,33.15021757
386,9,5,0,16.46243455,0.039051873,-88.4103801,33.15098118
387,9,9,0,16.80135455,0.029438612,-88.41594193,33.15182237
388,9,4,0,16.34254357,0.03918455,-88.41051064,33.15303882
389,9,3,0,16.4518587,0.025038652,-88.41224102,33.15334624
390,9,1,1,16.413236,0.038964376,-88.41963095,33.1612647
391,9,2,1,16.29644944,0.044591958,-88.41763282,33.16055341
392,31,15,0,11.90448928,0.048711632,-87.60824138,32.56382375
393,31,8,0,12.1206746,0.079335948,-87.60533972,32.56505085
394,31,19,0,12.63334508,0.020474273,-87.6005177,32.56669579
395,31,14,1,11.88803851,0.043258259,-87.60839512,32.56675456
396,31,7,0,12.10372733,0.046560696,-87.60613538,32.56752663
397,31,18,0,12.82445282,0.013374582,-87.59861426,32.56942313
398,31,17,0,12.33812806,0.126123005,-87.60185504,32.5682954
399,31,13,0,11.88245136,0.045980609,-87.60843075,32.56944598
400,31,6,0,12.12277768,0.028653003,-87.60573156,32.57073469
401,31,12,0,11.88318652,0.051493696,-87.60806156,32.57170261
402,31,5,0,12.21109305,0.032127943,-87.6048777,32.57258466
403,31,11,0,12.031879,0.029001288,-87.60702533,32.57352488
404,31,10,0,11.89019311,0.030170127,-87.60874074,32.57371694
405,31,16,0,12.59474163,0.109032312,-87.59971033,32.57271581
406,31,4,0,12.31244365,0.039241997,-87.60381284,32.57457526
407,31,9,0,12.04955286,0.027247673,-87.60648535,32.57509693
408,31,3,0,12.38786165,0.040367117,-87.60323272,32.57675903
409,31,2,0,12.45859891,0.039675637,-87.6027157,32.57887401
410,31,1,0,12.52571757,0.033828608,-87.60269646,32.58140683
411,6,12,1,8.465741654,0.047381795,-87.65548105,32.61344722
412,6,11,0,8.307162557,0.049851313,-87.65642578,32.61554538
413,6,4,0,7.977266024,0.02240192,-87.66005934,32.61697464
414,6,10,0,8.373006235,0.024911878,-87.65524068,32.61687093
415,6,5,0,7.988140068,0.018873127,-87.65908367,32.61848852
416,6,3,0,7.870376674,0.022522139,-87.66021686,32.6188677
417,6,6,0,8.048585356,0.090724198,-87.65735072,32.61858541
418,6,7,0,8.223545615,0.012174479,-87.65545459,32.62034972
419,6,1,0,7.839704675,0.069796747,-87.65872788,32.62149033
420,6,2,0,7.96046988,0.021422101,-87.65727982,32.6226786
421,23,14,0,19.52049095,0.044465092,-87.52642958,32.5634028
422,23,16,0,19.94477546,0.062546677,-87.52182861,32.56367078
423,23,15,0,19.81988223,0.022073075,-87.52401027,32.56356866
424,23,13,0,19.88781682,0.041224027,-87.52238067,32.56543855
425,23,4,0,19.05107545,0.028897168,-87.53211905,32.5659012
426,23,12,0,20.20775386,0.046940402,-87.51977371,32.56658315
427,23,11,0,20.06243866,0.051839497,-87.52122352,32.56776981
428,23,10,0,19.8568825,0.049430809,-87.52284788,32.56763543
429,23,3,0,19.03814821,0.046629435,-87.53161355,32.56838591
430,23,8,0,19.98150877,0.018872238,-87.52202393,32.57001812
431,23,7,0,19.69563624,0.031134329,-87.52477521,32.56921962
432,23,9,0,20.18442176,0.024593856,-87.51966297,32.5701472
433,23,1,0,19.01458565,0.062131354,-87.53230995,32.57064441
434,23,2,1,19.19591031,0.043408982,-87.53064859,32.5711472
435,37,120,1,15.56106102,0.057433821,-87.60064035,32.48239885
436,37,121,1,15.29016323,0.053829052,-87.60441159,32.48244269
437,37,122,1,15.02161157,0.062192279,-87.60801599,32.48248743
438,37,123,1,14.84044267,0.040009601,-87.61076753,32.48274708
439,37,124,0,14.66844975,0.035962556,-87.61279447,32.48324908
440,37,125,1,14.4800944,0.039904362,-87.61486599,32.48366549
441,37,117,0,15.23821124,0.040975102,-87.60440548,32.48400654
442,37,118,0,15.42707541,0.060691782,-87.6012403,32.48409671
443,37,119,0,15.69312812,0.060074467,-87.59771281,32.48416808
444,37,116,1,15.10214042,0.025582328,-87.60677145,32.4841759
445,37,115,1,15.18788437,0.037198054,-87.6042921,32.48557241
446,37,95,0,14.31474098,0.030202306,-87.61496356,32.48615978
447,37,108,0,15.87398561,0.0398175,-87.59383241,32.48677882
448,37,114,1,15.34484867,0.046780359,-87.60165748,32.48601909
449,37,113,0,15.43140209,0.078815872,-87.5993162,32.48668779
450,37,112,1,15.58401747,0.074497803,-87.59695694,32.48668915
451,37,94,1,14.20170486,0.035194329,-87.61491805,32.48788376
452,37,96,1,14.35122929,0.070018713,-87.61290506,32.4870431
453,37,97,1,14.49518079,0.077270726,-87.61085018,32.48704462
454,37,98,1,14.65373118,0.080821941,-87.60871216,32.48701654
455,37,99,1,14.81161882,0.06186335,-87.60671898,32.48734596
456,37,100,1,14.95965285,0.039588435,-87.60474556,32.48799713
457,37,107,0,15.74255371,0.040095329,-87.59393323,32.48864544
458,37,110,1,15.38834698,0.020012942,-87.59894007,32.48907467
459,37,90,1,13.92824646,0.027033711,-87.61716462,32.48964787
460,37,91,0,14.07180373,0.031409959,-87.61510104,32.48967986
461,37,92,0,14.23059023,0.031224859,-87.61296739,32.48971015
462,37,93,1,14.39178253,0.029980269,-87.61085907,32.48973276
463,37,80,1,14.70647638,0.062205042,-87.60567887,32.48984391
464,37,111,0,15.4752408,0.042766059,-87.59704823,32.48956082
465,37,81,1,14.49902702,0.04558288,-87.60876107,32.49009346
466,37,106,0,15.63996271,0.05284661,-87.59390121,32.4904565
467,37,103,1,15.83272437,0.048281077,-87.59131523,32.4904164
468,37,105,0,15.59448508,0.006045588,-87.59486036,32.49153454
469,37,102,1,16.02058585,0.046333916,-87.58913362,32.49073478
470,37,82,0,14.27707863,0.030684541,-87.61095311,32.49135821
471,37,83,1,14.11778608,0.031681355,-87.61303499,32.49137342
472,37,84,1,13.95961608,0.03118975,-87.61512707,32.491379
473,37,78,1,14.917144,0.048603506,-87.60240444,32.49111756
474,37,77,1,15.1005162,0.046781589,-87.60011848,32.49125047
475,37,104,0,15.66981246,0.006653851,-87.59354198,32.49186927
476,37,85,1,13.7986259,0.031668754,-87.61723626,32.49138934
477,37,79,1,14.6028261,0.059633901,-87.60578552,32.49144931
478,37,86,1,13.63104394,0.070075717,-87.61930766,32.49054114
479,37,87,1,13.472931,0.071890177,-87.62140673,32.4905613
480,37,88,1,13.3176012,0.070203425,-87.62352125,32.49058432
481,37,89,1,13.16134234,0.043638857,-87.62559277,32.49120889
482,37,101,1,16.13219255,0.070906558,-87.58663639,32.49196289
483,37,71,0,14.3262464,0.050441764,-87.60866161,32.49288358
484,37,72,0,14.47607732,0.03182372,-87.60687616,32.49323142
485,37,74,1,14.76455501,0.048688355,-87.60262381,32.49326511
486,37,76,1,15.1737282,0.053356614,-87.59764187,32.49313548
487,37,73,1,14.59569194,0.035539717,-87.6050862,32.493294
488,37,75,0,14.969412,0.052482803,-87.60005819,32.49326196
489,37,66,1,13.6299587,0.046889303,-87.61727983,32.49352056
490,37,68,1,13.9149031,0.053862833,-87.61316551,32.49362496
491,37,69,1,14.07189277,0.031233368,-87.61143572,32.49355957
492,37,70,1,14.11850135,0.035085012,-87.61038333,32.49415328
493,37,67,1,13.77717171,0.055315197,-87.61516167,32.49372301
494,37,65,0,13.89095971,0.012239395,-87.61287899,32.4952929
495,37,64,1,13.71727233,0.008654391,-87.61563868,32.49533945
496,37,63,1,13.56017533,0.015811376,-87.61743486,32.49526317
497,37,61,1,13.23381469,0.069104507,-87.62155504,32.49402731
498,37,62,1,13.39470815,0.071645699,-87.61941513,32.49402818
499,37,60,0,13.07208012,0.069787946,-87.62366193,32.4940428
500,37,59,1,12.9288298,0.065408792,-87.625685,32.49403995
501,37,56,1,14.12058269,0.061956991,-87.60871459,32.4959881
502,37,57,1,14.27131385,0.040489877,-87.60706357,32.4959615
503,37,58,1,14.35550491,0.04348373,-87.60566571,32.49600434
504,37,52,1,13.35050977,0.055473891,-87.6174356,32.49730043
505,37,50,1,12.9985243,0.061724259,-87.62170254,32.49750865
506,37,48,1,12.69920198,0.049018398,-87.62576983,32.49746719
507,37,51,1,13.15816531,0.062878151,-87.61959164,32.49749323
508,37,49,1,12.81621485,0.065367243,-87.62382438,32.49763435
509,37,53,1,13.50028203,0.07004182,-87.61529779,32.49762006
510,37,55,1,13.74134533,0.091191432,-87.61105744,32.49784843
511,37,54,1,13.56058452,0.101868609,-87.61324741,32.49832698
512,37,47,1,13.28956966,0.053159887,-87.61155285,32.50691157
513,37,46,1,13.21561676,0.043191897,-87.61159785,32.50895748
514,37,14,1,11.74438803,0.048474911,-87.61303142,32.54062357
515,37,15,1,12.00134513,0.049503371,-87.61022031,32.54066395
516,37,13,0,11.69788756,0.096165842,-87.61162681,32.54247306
517,37,12,1,11.66578562,0.095664974,-87.61158003,32.54423654
518,37,28,0,12.63923607,0.01470355,-87.60288336,32.54508624
519,37,27,0,12.45413816,0.016327218,-87.60466649,32.54533655
520,37,26,0,12.23043567,0.017617896,-87.60676203,32.5456066
521,37,11,1,11.72145675,0.078621595,-87.61102679,32.54602297
522,37,22,1,12.78744426,0.034273033,-87.60075901,32.54623459
523,37,10,0,12.11927983,0.025250249,-87.60780028,32.54793493
524,37,9,1,11.6649179,0.078467335,-87.61102318,32.54783017
525,37,25,1,12.26613049,0.039269104,-87.60607853,32.54732435
526,37,21,0,12.78424498,0.03986517,-87.600417,32.54804721
527,37,34,0,12.44293966,0.05912075,-87.60433173,32.5474607
528,37,23,0,12.62429148,0.057332996,-87.60247381,32.54739196
529,37,18,0,12.36594992,0.033033155,-87.60433573,32.54978563
530,37,7,1,11.53907082,0.093550125,-87.61140306,32.54961876
531,37,8,0,12.08390239,0.040065745,-87.6074478,32.54970158
532,37,17,1,12.389394,0.029767907,-87.6039583,32.55117795
533,37,19,1,12.61991702,0.053117566,-87.60186525,32.55052071
534,37,20,0,12.79744997,0.050961168,-87.59996249,32.5506139
535,37,5,1,11.51019652,0.099864119,-87.61163044,32.55138386
536,37,6,0,12.05619333,0.052371684,-87.60712694,32.55146631
537,37,4,0,12.20115444,0.028248156,-87.60592963,32.5532029
538,37,1,1,11.4874346,0.046717143,-87.61309501,32.55315053
539,37,16,1,12.41877501,0.028504215,-87.60366602,32.55304249
540,37,3,0,12.03200499,0.028032018,-87.60776587,32.55318909
541,37,2,1,11.75341754,0.048709991,-87.61018116,32.55319713
542,17,115,1,33.34356079,0.023669384,-87.41093142,32.42369734
543,17,111,1,33.51857585,0.058521442,-87.41861065,32.42441333
544,17,113,1,33.58981904,0.075807757,-87.41483198,32.42457531
545,17,110,1,32.35356616,0.04773058,-87.39858808,32.42571749
546,17,109,1,32.53061089,0.060750341,-87.40084563,32.42580136
547,17,108,0,32.7332188,0.055430953,-87.40310462,32.42582721
548,17,114,0,33.35821198,0.08001566,-87.41148951,32.42591049
549,17,112,1,33.71258605,0.05111933,-87.41581694,32.42638883
550,17,103,0,32.25365256,0.024925823,-87.3963686,32.42709323
551,17,107,1,32.90987842,0.050080059,-87.40509338,32.42649797
552,17,102,0,32.45744054,0.024991162,-87.39848819,32.42757339
553,17,106,0,33.16570071,0.041048822,-87.40718685,32.42737315
554,17,105,1,33.32977448,0.042937622,-87.40922839,32.42742605
555,17,104,0,33.54880001,0.024858905,-87.41127731,32.427954
556,17,101,0,32.64044157,0.038356857,-87.40073586,32.42794649
557,17,100,1,32.85207188,0.043815875,-87.40295552,32.42829717
558,17,94,0,33.61602433,0.035021455,-87.41527698,32.42950174
559,17,95,1,33.75879226,0.054122346,-87.41336476,32.42917991
560,17,96,1,33.62141537,0.038536176,-87.41124471,32.42963563
561,17,97,1,33.43758501,0.043272454,-87.40915884,32.42960967
562,17,98,0,33.25865932,0.045203731,-87.40702807,32.42958279
563,17,67,1,32.89001524,0.022464072,-87.40145753,32.43142871
564,17,99,0,33.03619976,0.066564283,-87.40501319,32.42953481
565,17,89,1,33.50855353,0.039797482,-87.41529928,32.43153425
566,17,90,0,33.68124089,0.040053739,-87.41325346,32.43160108
567,17,88,0,33.32507223,0.049373534,-87.41721985,32.43126474
568,17,91,0,33.71458863,0.040144749,-87.41114614,32.43166598
569,17,68,1,31.75084855,0.041199499,-87.43655216,32.4316914
570,17,69,0,31.85401558,0.03227506,-87.43488641,32.43211243
571,17,66,1,32.98463686,0.031662309,-87.4020117,32.43266162
572,17,93,1,33.36039062,0.049972182,-87.40697646,32.43198312
573,17,80,0,32.64265088,0.038267632,-87.42495173,32.43275579
574,17,70,0,31.99309259,0.039715121,-87.4328856,32.43260686
575,17,81,1,32.79147848,0.044369188,-87.4230142,32.43287903
576,17,92,1,33.53802551,0.066550518,-87.40903006,32.43234866
577,17,82,0,32.94860822,0.041189922,-87.42116982,32.43304651
578,17,71,1,32.10322167,0.038977066,-87.43107994,32.43326069
579,17,85,0,33.40478672,0.043348416,-87.41527596,32.43359366
580,17,83,0,33.08288731,0.053461425,-87.41937077,32.43312252
581,17,84,0,33.22492726,0.0412148,-87.4174021,32.43364001
582,17,87,0,33.75700805,0.038955375,-87.41108392,32.4336728
583,17,65,1,33.0445985,0.043581386,-87.40169702,32.43429222
584,17,72,0,32.26264833,0.059924414,-87.42885688,32.4333645
585,17,64,1,33.19973516,0.043962495,-87.4040772,32.4340211
586,17,73,0,32.40146332,0.067738341,-87.42691452,32.43357102
587,17,86,0,33.54859435,0.055212147,-87.4131581,32.43398399
588,17,74,0,32.54379053,0.035419305,-87.4250121,32.43476565
589,17,75,0,32.68785597,0.037664424,-87.42307493,32.4350758
590,17,79,0,33.31110435,0.032657264,-87.41535465,32.43539787
591,17,76,0,32.83432917,0.039512674,-87.4211529,32.43544396
592,17,78,0,33.11509052,0.040490111,-87.41743124,32.43571432
593,17,77,0,32.978511,0.038972727,-87.41932752,32.43578281
594,17,63,0,33.10011546,0.050054948,-87.40188064,32.43598735
595,17,62,0,33.35833632,0.041142283,-87.40436862,32.43610785
596,17,61,1,33.52055486,0.040781745,-87.40646371,32.43607263
597,17,60,0,33.73565645,0.030002167,-87.40850902,32.43653515
598,17,59,1,33.64961337,0.02799179,-87.4105632,32.43707405
599,17,58,1,33.26373288,0.037762383,-87.40210141,32.43789068
600,17,57,1,33.46312681,0.041993342,-87.4044551,32.4380397
601,17,56,0,33.6549637,0.038143416,-87.40659548,32.43814548
602,17,55,0,33.76311894,0.033013439,-87.40854696,32.43830825
603,17,54,0,33.5937829,0.028948668,-87.4104832,32.43854286
604,17,53,0,33.39558029,0.041610016,-87.41290937,32.43826206
605,17,52,1,33.19528771,0.037055064,-87.41486506,32.43868496
606,17,50,0,33.53193299,0.047251932,-87.40950085,32.44033221
607,17,51,0,33.79240542,0.034464628,-87.40668767,32.44044549
608,17,12,0,30.33562574,0.04861528,-87.44758883,32.4404484
609,17,11,0,30.10089564,0.053261301,-87.45020247,32.44056359
610,17,6,0,29.86349655,0.056582193,-87.45296441,32.44067657
611,17,2,0,29.57066053,0.01623624,-87.4561596,32.44162461
612,17,47,1,33.26324666,0.044895103,-87.41264459,32.44117269
613,17,46,1,33.05930003,0.052435365,-87.41479095,32.44127376
614,17,45,0,32.85287844,0.051268631,-87.41712973,32.44145127
615,17,48,1,33.48062518,0.046732719,-87.40956725,32.44180171
616,17,49,0,33.71878693,0.030520137,-87.40688706,32.44210586
617,17,117,0,30.70918913,0.038746517,-87.44191904,32.44222749
618,17,116,0,30.46995571,0.030429328,-87.44489633,32.44228311
619,17,118,0,30.97864528,0.033395102,-87.43902,32.44220305
620,17,1,1,29.51898417,0.018494844,-87.45603504,32.44263741
621,17,44,1,33.41898459,0.034766143,-87.40981682,32.443367
622,17,5,1,29.72927141,0.056786741,-87.4530172,32.44318706
623,17,43,1,33.15891685,0.047683481,-87.41258444,32.44336944
624,17,10,1,30.18619379,0.045783187,-87.44748463,32.44351219
625,17,42,0,32.95160977,0.046499538,-87.41493091,32.4435039
626,17,41,0,32.74262696,0.046160875,-87.41728331,32.44366911
627,17,4,1,29.68245546,0.020793857,-87.45329419,32.44463031
628,17,8,1,29.96492706,0.045537949,-87.44959848,32.44474893
629,17,3,1,29.61591125,0.018302604,-87.45376051,32.44568682
630,17,7,0,29.73184618,0.039537148,-87.45145406,32.44548054
631,17,40,0,33.57193064,0.028636572,-87.40684075,32.44577279
632,17,39,0,33.2955393,0.018963416,-87.41025903,32.44588929
633,17,9,0,30.07773251,0.046380292,-87.44762341,32.44558626
634,17,31,0,32.61938359,0.044890997,-87.4172031,32.44666245
635,17,32,0,32.81785854,0.044579549,-87.41494527,32.44661079
636,17,33,0,33.0081241,0.052313827,-87.41264432,32.44652263
637,17,38,0,33.81502103,0.022817482,-87.40356483,32.44742373
638,17,37,1,33.67790097,0.02489212,-87.40503273,32.44742144
639,17,36,0,33.48863223,0.03665399,-87.40687561,32.4474211
640,17,35,0,33.34765725,0.02795294,-87.4087584,32.44743081
641,17,34,0,33.19148921,0.028461091,-87.41049405,32.44745165
642,17,23,1,32.52426108,0.046099707,-87.41728485,32.44872225
643,17,25,0,32.90448873,0.043187825,-87.41287721,32.44872776
644,17,24,1,32.71425017,0.043191214,-87.4150945,32.44872846
645,17,26,0,33.11243396,0.024963379,-87.41061359,32.44907643
646,17,30,0,33.75354458,0.023192881,-87.40338582,32.44914261
647,17,29,0,33.60224305,0.025597934,-87.4049846,32.44914898
648,17,28,0,33.41392813,0.033895481,-87.40691333,32.44914823
649,17,27,0,33.27189107,0.025831571,-87.40879057,32.44915922
650,17,22,1,33.68886468,0.026374993,-87.40322659,32.45080503
651,17,21,0,33.53198038,0.026797801,-87.40495311,32.45079698
652,17,20,0,33.34356362,0.032464536,-87.40694304,32.45080555
653,17,18,1,33.09290747,0.016771589,-87.4102077,32.45080439
654,17,19,0,33.19880448,0.025764271,-87.40883304,32.45080408
655,17,14,0,33.11425619,0.029305267,-87.40886518,32.45258563
656,17,13,0,32.97604047,0.025961645,-87.4104103,32.45262716
657,17,17,1,33.60672664,0.020883399,-87.40336899,32.45236258
658,17,15,1,33.2602551,0.038853523,-87.40696383,32.4525772
659,17,16,0,33.44651205,0.034725906,-87.40494788,32.45258559
660,34,13,0,6.742011007,0.028795212,-87.88851922,32.79182141
661,34,12,0,6.746560055,0.032805066,-87.88952161,32.79353971
662,34,10,0,6.811700106,0.016780998,-87.89120044,32.79463676
663,34,11,1,6.583332344,0.026547535,-87.88819876,32.79451668
664,34,9,0,6.989090981,0.008281653,-87.89261498,32.79517712
665,34,8,0,7.016223167,0.033745,-87.89405026,32.79616308
666,34,7,0,7.232427553,0.021802274,-87.89599811,32.79629245
667,34,6,0,7.123514231,0.009602415,-87.89529633,32.79717231
668,34,4,0,6.657123909,0.054338189,-87.89106409,32.79683498
669,34,5,0,7.211867115,0.013477335,-87.89660264,32.79813556
670,34,2,1,6.672948041,0.053567969,-87.89191043,32.79899329
671,34,3,0,6.900394381,0.064828019,-87.89460641,32.79879963
672,34,1,0,6.326576884,0.061423902,-87.88821073,32.79974674
673,11,27,0,11.44288943,0.043177844,-87.95044665,32.7584431
674,11,25,0,11.22503118,0.048751904,-87.95229412,32.75969837
675,11,26,1,11.39331671,0.034510615,-87.95037764,32.76038151
676,11,24,0,11.37137051,0.031366818,-87.95019726,32.76271171
677,11,23,0,11.13127434,0.052739752,-87.95237743,32.76278728
678,11,22,1,11.20558085,0.048519582,-87.95054635,32.76551658
679,11,21,0,10.98960869,0.052769253,-87.95238198,32.76662434
680,11,20,1,11.05021195,0.082383189,-87.95108869,32.76985179
681,11,17,0,11.23870042,0.024403575,-87.94848111,32.77366708
682,11,19,0,10.83997849,0.036964794,-87.95299078,32.77345476
683,11,18,1,11.00484312,0.053198954,-87.95070084,32.77349696
684,11,16,0,11.05534631,0.038600429,-87.94982744,32.77516545
685,11,10,0,10.77591854,0.029971092,-87.95309346,32.77659317
686,11,15,1,11.58137636,0.0561586,-87.9441496,32.77661303
687,11,13,1,11.14836136,0.050589216,-87.94907979,32.77747871
688,11,14,0,11.26379987,0.093576536,-87.94699048,32.7773213
689,11,9,0,10.7258779,0.039980603,-87.95336848,32.77875267
690,11,11,0,11.10509041,0.054310266,-87.94860014,32.78054295
691,11,12,0,11.36516131,0.051306532,-87.9459459,32.78050028
692,11,8,0,10.69275301,0.033140844,-87.95351778,32.78104638
693,11,7,1,10.66116675,0.033544212,-87.95365326,32.78331475
694,11,3,0,10.95190573,0.05238773,-87.94966705,32.78400388
695,11,6,0,11.39242063,0.055861332,-87.94497459,32.78471977
696,11,5,1,11.27399011,0.038277767,-87.94591973,32.78653093
697,11,2,1,10.76370388,0.083010588,-87.95094484,32.78631541
698,11,4,1,11.20210257,0.065464834,-87.94687986,32.78875945
699,11,1,0,10.66624141,0.068704368,-87.95242673,32.78869477
701,3,7,0,23.16612426,0.027546181,-88.45019769,33.09881419
702,3,6,1,23.03870404,0.024460509,-88.44813715,33.09886454
703,3,5,0,22.92847544,0.021585913,-88.44635111,33.09892924
704,3,22,0,22.78591743,0.03027103,-88.44448353,33.09901854
705,3,4,1,22.79382438,0.027196372,-88.44648186,33.10055989
706,3,21,0,22.67649774,0.029948283,-88.44470606,33.10061344
707,3,3,1,22.6422989,0.03689847,-88.44588871,33.10223423
708,3,2,0,22.7366963,0.028881066,-88.44796344,33.10239025
709,3,1,0,22.8457774,0.032286936,-88.44996283,33.10265871
710,3,19,0,21.92529923,0.039786698,-88.43835371,33.10453411
711,3,20,1,21.76968825,0.042355205,-88.4357515,33.10452115
712,3,17,0,22.11565942,0.036170379,-88.44398827,33.10678012
713,3,18,0,21.82195523,0.045304808,-88.43849732,33.10635081
714,3,16,0,22.27955116,0.027010437,-88.44634876,33.1069305
715,15,13,0,36.19516194,0.038532289,-87.33812804,32.54570886
716,15,12,0,36.39248249,0.026607289,-87.33807658,32.54768734
717,15,14,0,36.06233939,0.07823523,-87.33609909,32.54644584
718,15,11,0,36.12553577,0.046182121,-87.33202143,32.54927239
719,15,10,0,36.26179959,0.046103447,-87.3340957,32.54939979
720,15,9,0,36.61525218,0.056727362,-87.33666873,32.55176931
721,15,8,0,36.69649234,0.019525388,-87.33408817,32.55412311
722,15,7,0,37.15507532,0.023415888,-87.33758916,32.55683931
723,15,6,0,37.04560189,0.026187056,-87.33564465,32.55691193
724,15,5,0,37.237835,0.02363381,-87.33735622,32.55805257
725,15,4,0,37.14214878,0.040798744,-87.33514396,32.55888281
726,15,3,0,37.33849532,0.029986942,-87.33691671,32.55965987
727,15,2,0,37.31850048,0.04121582,-87.33458374,32.56109756
728,15,1,0,37.40192752,0.03262579,-87.33640583,32.56141057
729,13,4,0,19.69064499,0.037422548,-87.55466948,32.47528589
730,13,2,0,19.33591062,0.030238425,-87.55952586,32.47541616
731,13,3,0,19.41990812,0.032489107,-87.55783066,32.47575806
732,13,1,0,19.08683858,0.050362001,-87.56114856,32.47615071
733,24,61,0,12.65490469,0.077331141,-87.61191981,32.51782626
734,24,59,0,12.1855304,0.042722552,-87.61659836,32.52005308
735,24,60,0,12.53243525,0.073687961,-87.61128234,32.52077355
736,24,58,0,12.10228518,0.085766822,-87.61570577,32.52185771
737,24,62,0,12.43971168,0.060398665,-87.61164833,32.52268439
738,24,57,0,12.01009256,0.085043234,-87.61572273,32.52389993
739,24,56,0,11.57082295,0.017924349,-87.62129752,32.5258818
740,24,54,0,11.45982894,0.053254153,-87.6212857,32.52775586
741,24,55,0,11.63180491,0.067588036,-87.61926449,32.52742436
742,4,17,1,17.82140063,0.043837933,-88.39011559,33.07406406
743,4,16,1,18.07827499,0.016807461,-88.39184037,33.07498833
744,4,15,0,18.09825812,0.014852614,-88.39183373,33.07646754
745,4,13,0,17.97655958,0.031401284,-88.39036418,33.07725752
746,4,14,1,17.83301656,0.054621482,-88.38896607,33.07644555
747,4,12,1,17.97128904,0.02500002,-88.39019689,33.07902582
748,4,11,0,18.13519997,0.033650577,-88.3917808,33.07934741
749,4,10,1,17.81672509,0.04814563,-88.38837231,33.07976408
750,4,9,0,17.86129633,0.027041738,-88.38847582,33.08194394
751,4,8,1,17.93183332,0.024710745,-88.38883659,33.08375498
752,4,7,1,18.00562934,0.03740244,-88.38928883,33.08608778
753,4,6,1,25.44369194,0.022870223,-88.47368548,33.08972176
754,4,5,0,25.35827271,0.014549449,-88.47363451,33.0909785
755,4,4,1,25.29157826,0.014615703,-88.47369175,33.09190174
756,4,3,1,25.1323795,0.036988484,-88.47343486,33.09317593
757,4,2,1,26.36822739,0.034043511,-88.49650075,33.09820262
758,4,1,0,26.29983097,0.019922362,-88.49654901,33.09970713
759,35,7,0,16.15144597,0.045243201,-88.35613242,33.11915218
760,35,6,0,16.02477267,0.04570301,-88.35614785,33.12038444
761,35,5,0,15.9103987,0.044095039,-88.35613788,33.12162306
762,35,4,0,15.79483924,0.037718849,-88.35614587,33.12283894
763,35,3,0,15.6786033,0.017659326,-88.3551634,33.12401798
764,35,2,0,15.76175335,0.018030207,-88.35708833,33.12404282
765,35,1,1,15.57281575,0.035559153,-88.35604998,33.12508226
766,14,9,0,25.84236838,0.017704244,-88.51797746,33.13330381
767,14,25,1,24.90792234,0.024945747,-88.50675163,33.13361694
768,14,10,0,25.68777837,0.027423503,-88.51673293,33.13403402
769,14,7,0,25.90560069,0.02611497,-88.51952099,33.13431477
770,14,24,0,24.83082644,0.023570565,-88.50690321,33.13508433
771,14,8,0,25.77634388,0.026176093,-88.51856653,33.13526781
772,14,26,1,25.01300427,0.081372229,-88.50928687,33.13397349
773,14,5,0,25.98287994,0.028753425,-88.52135766,33.13560582
774,14,6,0,25.85046281,0.027220844,-88.52039772,33.13647135
775,14,27,0,25.27275679,0.012231534,-88.51292904,33.13657752
776,14,23,0,24.66031213,0.047084071,-88.50681216,33.13690543
777,14,2,0,25.86173276,0.026137284,-88.52159557,33.13795634
778,14,4,0,25.69017742,0.025374941,-88.51962616,33.13800611
779,14,28,0,25.28472354,0.019953404,-88.51443497,33.13824245
780,14,1,1,26.07429338,0.051012877,-88.52372973,33.13765959
781,14,3,0,25.6506137,0.011438718,-88.51937741,33.13904721
782,14,20,0,24.86894072,0.034859237,-88.51016883,33.13878012
783,14,21,0,24.73920789,0.022577308,-88.50816432,33.13865862
784,14,22,0,24.58290843,0.014673902,-88.50666032,33.13917083
785,14,19,1,24.57838465,0.04284435,-88.50809088,33.14066974
786,14,17,0,25.02723294,0.020340015,-88.51300162,33.14085389
787,14,18,0,24.79901009,0.044711507,-88.51081725,33.14064537
789,14,15,0,24.71060497,0.042568881,-88.51082507,33.14233143
790,14,14,0,24.93573784,0.046730071,-88.51367635,33.14232974
791,14,16,0,24.48940899,0.043046109,-88.50809414,33.1423306
792,14,12,0,24.62566092,0.023187418,-88.51028702,33.14384032
793,14,13,1,24.35838425,0.048403353,-88.5079431,33.14400004
794,14,11,0,24.26416608,0.049369514,-88.50774198,33.1455561
795,28,9,0,24.8775239,0.035248967,-88.51800453,33.15119645
796,28,8,0,24.708346,0.027268674,-88.51587259,33.15139422
797,28,10,0,25.07261883,0.029058906,-88.52029973,33.15142862
798,28,7,0,24.49335706,0.035542726,-88.51379747,33.15196904
799,28,3,0,24.9957474,0.02428452,-88.52023551,33.15313434
800,28,4,0,24.88357392,0.03159603,-88.51854218,33.1528845
801,28,5,0,24.7697291,0.021093602,-88.51704955,33.15311405
802,28,6,0,24.60809417,0.016214348,-88.51539439,33.15335723
803,36,9,0,24.3356888,0.02407025,-88.51787738,33.16304533
804,36,7,0,24.28256447,0.023377356,-88.51790115,33.16437187
805,36,10,0,24.16623343,0.029146516,-88.51622553,33.16372661
806,36,8,0,24.45151296,0.055843527,-88.51999854,33.16370187
807,36,4,0,23.89005958,0.014623977,-88.5138269,33.16552709
808,36,5,0,24.05574668,0.016672689,-88.51583571,33.16553856
809,36,6,0,24.20792413,0.034132615,-88.51796196,33.16601755
810,36,2,0,23.96309206,0.049008751,-88.51600416,33.16729128
811,36,1,0,24.14894805,0.025227158,-88.5180024,33.16777584
812,36,3,0,23.78514554,0.049863126,-88.51394208,33.16727771
813,5,9,0,27.79860038,0.039397522,-88.55867873,33.16400943
814,5,8,0,27.60962382,0.038786929,-88.55642091,33.1651996
816,5,7,0,27.7221593,0.052290577,-88.55885113,33.16592698
817,5,10,0,27.40639715,0.022511799,-88.5541027,33.16596352
818,5,6,0,27.52958374,0.021450163,-88.55639381,33.16751941
819,5,5,1,27.64695197,0.066803987,-88.55914638,33.16771119
820,5,4,0,27.59800638,0.055413507,-88.55957687,33.16927202
821,5,3,0,27.47319593,0.045138156,-88.55723827,33.17039223
822,5,2,0,27.22531583,0.044735998,-88.55515355,33.17084165
823,5,1,0,26.90308993,0.068409816,-88.55307297,33.17385105
824,26,4,0,25.10826785,0.021798955,-88.53718262,33.18795776
825,26,5,0,24.85741336,0.03336172,-88.53473341,33.18804177
826,26,1,0,25.54488595,0.025463055,-88.54271064,33.19006121
827,26,2,0,25.39745527,0.025156631,-88.54090369,33.18993193
828,26,3,0,25.26694231,0.026482659,-88.53943527,33.18979344
829,22,4,1,26.27833017,0.049175336,-88.55301302,33.19661859
830,22,3,0,26.23867442,0.062028375,-88.55357683,33.19872007
831,22,1,0,26.19544897,0.01720247,-88.55274679,33.20111341
832,22,2,0,26.26604281,0.053966671,-88.55469105,33.20060534
833,12,4,0,27.52432557,0.021293502,-88.5683958,33.20670467
834,12,5,1,27.42531147,0.022150216,-88.56731684,33.20671712
835,12,3,0,27.41619546,0.022877884,-88.56807314,33.20848122
836,12,2,0,27.40633692,0.023718191,-88.56821323,33.2096519
837,12,7,1,27.20395753,0.038231123,-88.5658796,33.20914234
838,12,1,0,27.38746068,0.048220422,-88.56841022,33.21142419
839,12,6,1,27.16338921,0.045535586,-88.5660224,33.21145911
840,25,11,0,23.08962785,0.024506003,-88.51791339,33.19797377
841,25,12,0,22.96584058,0.014822906,-88.51619025,33.19822038
842,25,10,0,23.08025106,0.044426376,-88.51886741,33.19936887
843,25,9,0,22.43639757,0.052744397,-88.51391965,33.20913097
844,25,8,0,22.56282264,0.047233243,-88.51581491,33.21123582
845,25,6,0,22.08461677,0.027857106,-88.51131816,33.21455961
846,25,7,1,21.91489351,0.025261365,-88.50951998,33.21447904
847,25,3,0,22.1264717,0.018051291,-88.51178179,33.21595172
848,25,4,0,21.98254753,0.019454805,-88.51024971,33.21597196
849,25,5,0,21.83304279,0.019441775,-88.50867403,33.21601765
850,25,1,0,21.93798228,0.033725596,-88.51092332,33.21725519
851,25,2,0,21.81055366,0.012565589,-88.50847438,33.2172833
852,25,0,0,21.93032102,0.029670756,-88.51105834,33.21829983
853,29,3,0,20.26130536,0.038734563,-88.48827829,33.20352253
854,29,1,0,20.33650705,0.014146602,-88.48968308,33.20530564
855,29,2,0,20.16881915,0.025453491,-88.48724924,33.20464678
856,7,3,0,25.7505204,0.03981293,-88.55326411,33.22852176
857,7,1,0,25.94881076,0.030609081,-88.55553927,33.22941367
858,7,2,0,25.7417235,0.035421262,-88.55370694,33.2302821
859,2,9,0,17.97679827,0.034198222,-88.47060552,33.25956655
860,2,10,0,17.74884995,0.037507884,-88.46862857,33.2595398
861,2,7,0,18.06260089,0.018564066,-88.47104087,33.26146743
862,2,8,0,17.96001843,0.018405061,-88.46995769,33.2614998
863,2,6,1,17.99105684,0.03930885,-88.47055575,33.26343038
864,2,4,0,18.62408224,0.035009955,-88.47663269,33.27387647
865,2,5,0,18.36611668,0.027827902,-88.4735999,33.27394936
866,2,2,0,18.51013632,0.017214098,-88.47417972,33.27537624
867,2,1,0,18.63870869,0.045887835,-88.47654945,33.27530357
868,2,3,0,18.37797874,0.017527564,-88.47273578,33.27542448
869,1,14,0,18.16835387,0.039166917,-87.54240134,32.54823678
870,1,13,0,18.14699226,0.037178884,-87.54240643,32.55008063
871,1,12,1,17.58619231,0.050949493,-87.54781403,32.55065602
872,1,11,0,18.12730122,0.033190467,-87.54238784,32.55179258
873,1,10,0,17.88062768,0.037740415,-87.54491177,32.55182189
874,1,8,1,17.85974982,0.037512482,-87.54498864,32.55345048
875,1,9,1,18.10234449,0.033348993,-87.5424923,32.55344184
876,1,6,0,17.84049393,0.033045934,-87.54528348,32.55515706
877,1,7,0,18.02811111,0.044186095,-87.54298757,32.55516864
878,1,4,0,18.46567526,0.035132085,-87.53839521,32.55546534
879,1,5,1,18.01113932,0.04376179,-87.54305445,32.55691679
880,1,2,0,18.30382866,0.028983189,-87.54040948,32.55683092
881,1,3,0,18.46018164,0.0346777,-87.538368,32.55702208
882,1,1,0,18.33484839,0.032022797,-87.53959405,32.55866375
883,1,22,1,21.67500737,0.060981174,-87.50483367,32.58474853
884,1,21,0,21.50281867,0.059909742,-87.50683169,32.58482483
885,1,17,0,21.17229719,0.028184975,-87.51077035,32.58614004
886,1,18,0,21.31380787,0.021671732,-87.50919245,32.58667582
887,1,20,0,21.70355598,0.03457496,-87.50489214,32.58732477
888,1,19,0,21.51334365,0.034849452,-87.50696255,32.58738301
889,1,16,1,21.33209077,0.047079874,-87.50898878,32.588652
890,1,15,1,21.19617705,0.03203937,-87.51082015,32.58866136
891,16,25,0,15.91989003,0.042984109,-88.43541311,33.19359891
892,16,23,0,15.78041471,0.008350708,-88.4341684,33.19558244
893,16,24,0,15.68763817,0.008532073,-88.43305388,33.19576922
894,16,20,0,15.90653274,0.050601553,-88.43633732,33.19595619
895,16,21,0,15.72544639,0.025094003,-88.43448333,33.19670563
896,16,22,0,15.56413058,0.025733165,-88.43249094,33.19658731
897,16,26,0,14.92669397,0.00921399,-88.4262765,33.19986252
898,16,15,0,15.09073296,0.013653415,-88.42829548,33.19986292
899,16,16,0,14.9902501,0.018993234,-88.42726184,33.19981996
900,16,13,1,15.02317265,0.019915811,-88.42847324,33.2015702
901,16,14,0,14.85178281,0.030835055,-88.42682437,33.20151865
902,16,27,0,14.99644065,0.01022475,-88.42855835,33.20290238
903,16,19,0,15.82666448,0.022282775,-88.43893536,33.20430655
904,16,17,0,15.80760686,0.022774373,-88.43924724,33.20550654
905,16,18,0,15.61857822,0.019172925,-88.43717904,33.20553424
906,16,12,0,14.89740387,0.035095044,-88.42869556,33.20482141
907,16,11,0,15.06067156,0.030392607,-88.43076247,33.20537211
908,16,4,0,15.26613713,0.020771173,-88.4336337,33.20726232
909,16,3,0,15.20965149,0.021026655,-88.43363202,33.20895936
910,16,8,0,14.9419205,0.046225927,-88.43063733,33.2081161
911,16,7,0,15.06830487,0.050265003,-88.43213614,33.20812124
912,16,10,0,14.77300226,0.047998229,-88.42877708,33.20814376
913,16,2,0,15.15632635,0.019678742,-88.4336224,33.21069656
914,16,1,0,15.10515245,0.017998443,-88.43357917,33.21228896
915,16,6,0,14.82763464,0.047152858,-88.43063319,33.21157667
916,16,5,1,14.95966293,0.049792316,-88.43213529,33.21156059
917,16,9,0,14.66377328,0.046127333,-88.42877561,33.21153401
918,27,140,0,25.93571389,0.057875255,-87.34409829,32.38874128
919,27,139,0,26.2064407,0.041146328,-87.3464886,32.38914541
920,27,138,0,26.3932033,0.032116093,-87.34841139,32.3893748
921,27,137,1,26.56726967,0.041137183,-87.35041956,32.38981803
922,27,136,0,26.77559316,0.014070291,-87.35202316,32.38998749
923,27,134,0,26.88145779,0.015377294,-87.35291742,32.39092547
924,27,135,0,26.98888344,0.019812155,-87.35395552,32.39121348
925,27,133,0,26.65947525,0.037244229,-87.35090716,32.39144891
926,27,132,0,26.4790533,0.031932831,-87.34836994,32.39128364
927,27,130,0,26.07863671,0.061014238,-87.34425091,32.39128802
928,27,131,0,26.28870293,0.056595934,-87.34640334,32.39150115
929,27,129,0,26.2315681,0.089025092,-87.34508253,32.39416615
